證券代號,成交股數,成交筆數,成交金額,開盤價,最高價,最低價,收盤價,漲跌價差,最後揭示買價,最後揭示買量,最後揭示賣價,最後揭示賣量,本益比
0050,2878357,3097,343128324,119.1,119.6,118.6,118.95,0.15,118.95,34,119.0,36,0.0
0051,78985,30,3395533,43.06,43.07,42.81,42.83,0.06,42.83,37,43.0,2,0.0
0052,1216995,524,129652996,107.0,107.3,106.05,106.5,0.35,106.5,9,106.65,1,0.0
0053,17287,14,970672,56.35,56.5,55.85,55.85,0.2,55.85,76,56.2,1,0.0
0054,16000,6,441810,27.75,27.75,27.57,27.57,0.02,27.57,58,27.75,2,0.0
0055,25370,24,448727,17.65,17.71,17.65,17.69,0.01,17.69,5,17.7,27,0.0
0056,13691719,4629,404046382,29.51,29.58,29.48,29.51,0.03,29.51,51,29.52,71,0.0
0057,21000,3,1649850,78.85,78.85,78.55,78.55,0.3,78.2,10,78.6,10,0.0
0061,254155,76,5829487,22.99,23.01,22.83,22.98,0.11,22.98,21,23.0,20,0.0
006203,4000,3,221400,55.4,55.4,55.3,55.3,0.2,55.25,35,55.4,1,0.0
006204,108,2,7482,,,,,0.0,71.4,10,71.65,10,0.0
006205,1472186,140,54819093,37.03,37.37,36.91,37.37,0.33,37.32,101,37.37,42,0.0
006206,519594,77,19693753,37.96,38.07,37.7,38.03,0.15,38.03,90,38.07,1,0.0
006207,136000,31,4081430,30.0,30.1,29.85,30.1,0.25,30.1,4,30.14,35,0.0
006208,1146424,543,76671630,66.85,67.15,66.7,66.8,0.15,66.75,35,66.8,2,0.0
00625K,54000,4,469220,8.68,8.69,8.68,8.69,0.04,8.56,5,8.78,2,0.0
00631L,2726030,974,233532976,85.55,86.25,84.8,85.3,0.55,85.3,266,85.35,22,0.0
00632R,82577841,8132,592457879,7.17,7.22,7.15,7.18,0.03,7.18,12349,7.19,1401,0.0
00633L,6031000,1276,397690900,65.75,66.5,65.3,66.45,0.6,66.4,2,66.45,99,0.0
00634R,696000,44,2887340,4.15,4.17,4.13,4.13,0.01,4.12,317,4.13,2,0.0
00635U,427414,133,10885976,25.49,25.51,25.46,25.47,0.02,25.46,102,25.47,2,0.0
00636,362193,133,9588317,26.47,26.54,26.32,26.52,0.14,26.51,53,26.52,28,0.0
00636K,100,1,940,9.4,9.4,9.4,9.4,0.02,9.35,15,9.46,15,0.0
00637L,41725661,5249,1077030416,25.82,26.02,25.57,26.0,0.23,25.99,40,26.0,1535,0.0
00638R,1747000,109,14469250,8.26,8.31,8.24,8.25,0.04,8.24,118,8.25,21,0.0
00639,1406555,262,22523440,16.0,16.08,15.9,16.08,0.09,16.07,22,16.08,1,0.0
00640L,529000,16,12610950,23.8,23.84,23.8,23.84,0.1,23.82,106,23.85,1,0.0
00641R,220000,15,2641210,11.99,12.01,11.99,11.99,0.04,11.99,102,12.0,100,0.0
00642U,7877190,1454,65184173,8.34,8.34,8.26,8.26,0.07,8.25,722,8.26,50,0.0
00643,644704,169,11661248,17.99,18.15,17.95,18.11,0.06,18.11,60,18.12,4,0.0
00643K,0,0,0,,,,,0.0,4.14,2,4.26,1,0.0
00645,308704,11,7164971,23.22,23.22,23.2,23.2,0.04,23.2,53,23.25,51,0.0
00646,239865,117,7631977,31.86,31.86,31.8,31.8,0.02,31.79,1,31.83,9,0.0
00647L,3000,3,146440,49.0,49.0,48.69,48.69,0.03,48.8,50,48.93,1,0.0
00648R,345000,45,2925800,8.52,8.52,8.47,8.48,0.04,8.48,14,8.5,2,0.0
00650L,85000,31,2196500,25.91,25.91,25.75,25.85,0.06,25.85,1,25.89,18,0.0
00651R,147000,17,1134460,7.72,7.74,7.71,7.72,0.0,7.72,34,7.73,2,0.0
00652,63901,57,1501803,23.52,23.57,23.45,23.47,0.11,23.47,7,23.48,12,0.0
00653L,715300,216,22706260,31.88,31.88,31.68,31.7,0.2,31.68,1,31.71,15,0.0
00654R,37000,25,392870,10.61,10.64,10.6,10.63,0.01,10.6,1,10.65,2,0.0
00655L,2110000,739,104168920,49.4,49.86,48.95,49.79,0.33,49.76,321,49.79,1,0.0
00656R,193000,28,1471750,7.63,7.66,7.57,7.58,0.05,7.58,3,7.6,440,0.0
00657,100000,2,3280000,32.8,32.8,32.8,32.8,0.03,32.81,10,32.85,30,0.0
00657K,100,1,1166,11.66,11.66,11.66,11.66,0.01,11.6,19,11.72,18,0.0
00660,173921,36,4373027,25.07,25.2,25.07,25.2,0.2,25.14,5,25.24,20,0.0
00661,7001,4,231213,33.02,33.04,33.02,33.04,0.02,33.03,25,33.15,16,0.0
00662,52511,66,2403588,45.7,45.8,45.7,45.77,0.0,45.77,1,45.8,4,0.0
00663L,24049,18,1845648,76.7,77.2,76.3,76.4,0.5,76.5,4,76.6,641,0.0
00664R,3410000,399,27765470,8.14,8.19,8.12,8.15,0.03,8.15,1820,8.16,8,0.0
00665L,500000,49,11625300,23.18,23.4,23.05,23.3,0.01,23.28,100,23.3,18,0.0
00666R,0,0,0,,,,,0.0,11.8,3,12.0,9,0.0
00668,22029,15,673688,30.65,30.65,30.3,30.65,0.08,30.61,10,30.65,2,0.0
00668K,100,1,1087,10.87,10.87,10.87,10.87,0.0,,0,,0,0.0
00669R,1157000,254,10822290,9.36,9.38,9.34,9.34,0.05,9.34,144,9.35,100,0.0
00670L,101062,73,8076203,80.0,80.05,79.8,80.0,0.4,79.95,3,80.0,3,0.0
00671R,1055000,138,6918500,6.56,6.57,6.55,6.55,0.02,6.55,103,6.56,8,0.0
00673R,62300,30,1536114,24.6,24.7,24.6,24.67,0.04,24.66,32,24.67,6,0.0
00674R,51000,15,654040,12.79,12.83,12.79,12.83,0.03,12.84,11,12.9,2,0.0
00675L,240539,182,7927946,32.9,33.17,32.62,32.85,0.27,32.85,18,32.87,349,0.0
00676R,4604000,354,20397440,4.43,4.46,4.42,4.44,0.02,4.44,16,4.45,3645,0.0
00677U,106016176,5845,418127407,3.93,3.98,3.92,3.95,0.03,3.95,2214,3.96,671,0.0
00678,60239,55,1698603,28.35,28.43,28.15,28.16,0.27,28.15,5,28.18,5,0.0
00680L,38000,19,1095350,28.85,28.85,28.82,28.82,0.19,28.82,36,28.85,1,0.0
00681R,0,0,0,,,,,0.0,12.68,100,12.75,100,0.0
00682U,18000,11,322160,17.86,17.9,17.86,17.9,0.07,17.9,4,18.0,2,0.0
00683L,123000,43,2021220,16.57,16.57,16.34,16.44,0.06,16.44,1,16.53,7,0.0
00684R,0,0,0,,,,,0.0,19.16,20,19.33,2,0.0
00685L,33000,18,952490,28.79,29.06,28.61,28.67,0.17,28.67,10,28.78,50,0.0
00686R,125000,23,603280,4.84,4.85,4.82,4.85,0.02,4.84,200,4.85,205,0.0
00688L,105000,7,3050110,29.07,29.07,29.01,29.01,0.21,29.01,9,29.1,11,0.0
00689R,100000,2,1309000,13.09,13.09,13.09,13.09,0.07,13.07,30,13.11,40,0.0
00690,43152,24,1195823,27.72,27.77,27.6,27.64,0.09,27.61,1,27.67,30,0.0
00692,1688580,764,49889246,29.54,29.7,29.45,29.55,0.07,29.53,5,29.55,10,0.0
00693U,1415371,502,27409210,19.4,19.4,19.32,19.38,0.04,19.37,204,19.38,43,0.0
00700,10000,6,186480,18.7,18.7,18.56,18.6,0.15,18.6,1,18.66,1,0.0
00701,1109158,450,23918364,21.56,21.6,21.53,21.57,0.07,21.56,1,21.57,3,0.0
00702,0,0,0,,,,,0.0,17.21,5,17.29,5,0.0
00703,7039,7,173048,24.59,24.59,24.57,24.59,0.02,24.37,1,24.59,37,0.0
00706L,0,0,0,,,,,0.0,18.1,3,18.14,26,0.0
00707R,1000,1,18550,18.55,18.55,18.55,18.55,0.0,18.55,24,18.72,23,0.0
00708L,392020,155,11701316,29.84,29.86,29.84,29.84,0.0,29.84,365,29.85,11,0.0
00709,113000,11,2389040,21.06,21.15,21.06,21.15,0.07,21.12,1,21.22,1,0.0
00710B,1052100,57,19376049,18.4,18.45,18.4,18.42,0.02,18.42,1,18.43,104,0.0
00711B,112000,4,2455600,21.88,21.93,21.88,21.93,0.07,21.91,5,21.96,30,0.0
00712,654905,337,8290823,12.69,12.69,12.64,12.65,0.06,12.65,22,12.66,31,0.0
00713,148438,83,5097776,34.28,34.4,34.26,34.34,0.16,34.34,7,34.35,12,0.0
00714,7000,3,130080,18.62,18.62,18.47,18.47,0.18,18.37,10,18.47,5,0.0
00715L,47120249,2227,215512292,4.55,4.6,4.55,4.6,0.03,4.59,2,4.6,140,0.0
00717,700108,99,11774559,16.82,16.83,16.81,16.82,0.02,16.81,100,16.82,1,0.0
00728,230434,22,5802785,25.2,25.21,25.15,25.18,0.11,25.07,12,25.2,22,0.0
00730,484635,186,8705525,17.89,18.03,17.89,17.98,0.09,17.98,6,17.99,6,0.0
00731,1021827,37,49089960,48.0,48.2,47.97,48.05,0.05,48.0,12,48.05,3,0.0
00732,100000,2,3909000,39.09,39.09,39.09,39.09,0.01,38.99,13,39.16,13,0.0
00733,233234,29,6177610,26.43,26.58,26.43,26.51,0.13,26.5,10,26.51,2,0.0
00735,52131,27,1562262,30.0,30.0,29.82,29.82,0.11,29.83,15,29.93,10,0.0
00736,100233,3,2204911,22.0,22.0,22.0,22.0,0.0,21.87,20,22.15,3,0.0
00737,59973,52,1842036,30.7,30.9,30.67,30.7,0.0,30.7,1,30.72,20,0.0
00738U,1631238,358,44157189,27.13,27.2,27.03,27.1,0.03,27.1,19,27.12,14,0.0
00739,177652,71,4786513,26.96,27.12,26.85,27.12,0.1,27.11,50,27.12,7,0.0
00742,149026,37,3223631,21.66,21.66,21.59,21.63,0.08,21.63,3,21.67,6,0.0
00743,62010,9,1720857,27.53,27.78,27.5,27.77,0.13,27.8,20,27.95,20,0.0
00752,2648565,1921,77156728,29.23,29.25,29.05,29.21,0.28,29.21,110,29.23,10,0.0
00753L,361000,228,13129840,36.62,36.7,36.22,36.32,0.7,36.32,1,36.37,3,0.0
00757,565145,293,24379019,43.2,43.2,43.1,43.11,0.36,43.1,13,43.11,5,0.0
00762,122292,48,4314447,35.31,35.31,35.2,35.31,0.1,35.21,3,35.31,6,0.0
00763U,95003,46,2220869,23.32,23.41,23.32,23.38,0.06,23.38,2,23.41,8,0.0
00770,5550,7,178644,32.11,32.11,32.11,32.11,0.03,32.1,1,32.33,1,0.0
00771,15401,10,294472,19.12,19.13,19.12,19.13,0.05,19.13,1,19.17,4,0.0
00774B,103000,4,3973650,38.58,38.58,38.55,38.55,0.03,38.07,10,38.6,2,0.0
00774C,0,0,0,,,,,0.0,8.89,5,8.99,5,0.0
00775B,302085,6,13488223,44.65,44.77,44.65,44.77,0.12,44.45,101,45.2,2,0.0
00783,827758,25,17624339,21.19,21.31,21.19,21.31,0.12,21.33,20,21.34,27,0.0
008201,16,1,1968,,,,,0.0,117.3,1,122.7,1,0.0
00830,516319,151,12735874,24.75,24.75,24.62,24.67,0.13,24.67,1,24.69,9,0.0
00850,1964614,1044,55928392,28.43,28.56,28.34,28.4,0.07,28.4,26,28.41,1,0.0
00851,5999,7,169271,28.2,28.2,28.19,28.2,0.14,28.17,1,28.24,20,0.0
00852L,172000,55,2751600,16.01,16.01,15.96,15.98,0.0,15.97,16,15.98,2,0.0
00861,580461,315,15146453,26.05,26.15,26.05,26.11,0.12,26.1,4,26.11,1,0.0
00865B,205000,5,7584230,37.05,37.05,36.86,36.86,0.19,36.86,9,36.97,1,0.0
00866,26000,2,569400,21.9,21.9,21.9,21.9,0.08,21.64,10,21.9,2,0.0
00875,722365,389,22028304,30.59,30.59,30.45,30.49,0.1,30.49,9,30.5,38,0.0
00876,1173523,512,30168945,25.61,25.74,25.61,25.71,0.16,25.69,34,25.71,29,0.0
00878,6107167,1964,97191972,15.88,15.95,15.88,15.89,0.06,15.89,213,15.9,279,0.0
00881,20290389,6127,303807611,14.93,15.0,14.93,14.97,0.09,14.97,149,14.98,95,0.0
01001T,51000,3,938910,18.41,18.41,18.41,18.41,0.01,18.41,49,18.44,1,0.0
01002T,255000,47,4767150,18.73,18.73,18.69,18.69,0.0,18.68,51,18.69,3,0.0
01003T,251000,24,4919100,19.56,19.62,19.56,19.6,0.0,19.56,1,19.6,72,0.0
01004T,328000,44,5611470,17.14,17.14,17.1,17.1,0.01,17.09,20,17.12,29,0.0
01007T,4000,2,79600,19.9,19.9,19.9,19.9,0.01,19.9,47,19.99,1,0.0
01009T,52000,4,504640,9.72,9.72,9.7,9.7,0.02,9.7,1,9.74,5,0.0
01010T,659000,12,7169930,10.51,10.64,10.5,10.53,0.01,10.52,8,10.54,4,0.0
020000,10000,6,66000,6.61,6.61,6.59,6.59,0.06,6.57,100,6.58,100,0.0
020002,0,0,0,,,,,0.0,19.58,499,19.6,355,0.0
020004,0,0,0,,,,,0.0,28.73,499,28.74,499,0.0
020006,0,0,0,,,,,0.0,26.31,105,26.32,103,0.0
020007,0,0,0,,,,,0.0,27.6,241,27.68,214,0.0
020008,28000,2,314950,11.25,11.25,11.24,11.24,0.0,11.24,200,11.25,200,0.0
020011,10000,4,52380,5.24,5.31,5.21,5.22,0.01,5.21,493,5.22,499,0.0
020012,144000,12,864000,6.0,6.01,5.99,5.99,0.01,5.98,100,6.0,131,0.0
020015,0,0,0,,,,,0.0,13.36,491,13.46,495,0.0
020016,0,0,0,,,,,0.0,17.19,491,17.29,493,0.0
020018,1537000,15,18424750,12.03,12.06,11.98,12.0,0.08,12.02,490,12.04,493,0.0
020019,121000,36,1407240,11.62,11.67,11.57,11.6,0.03,11.59,492,11.6,4,0.0
02001L,0,0,0,,,,,0.0,9.5,100,9.51,100,0.0
02001R,0,0,0,,,,,0.0,3.44,100,3.46,100,0.0
020020,1255000,129,7096330,5.65,5.67,5.63,5.64,0.02,5.64,500,5.65,505,0.0
020022,1568000,194,7927100,5.03,5.08,5.03,5.06,0.06,5.05,546,5.06,497,0.0
1101,9499247,4104,406635677,42.8,43.0,42.7,42.8,0.1,42.75,102,42.8,339,10.19
1101B,53000,4,2835600,53.5,53.6,53.5,53.6,0.0,53.5,1,53.6,8,0.0
1102,3124230,1242,133372273,42.35,42.85,42.35,42.7,0.4,42.7,4,42.75,67,10.0
1103,697345,267,13029022,18.75,18.8,18.6,18.7,0.05,18.65,16,18.7,24,35.28
1104,326388,191,7461773,22.7,22.95,22.7,22.9,0.15,22.85,19,22.9,1,11.45
1108,5561981,1464,69323173,12.4,12.7,12.1,12.7,0.45,12.7,23,12.75,183,13.8
1109,248954,104,4973929,20.0,20.05,19.9,19.95,0.0,19.95,8,20.0,20,7.47
1110,92027,57,1625672,17.9,17.95,17.55,17.65,0.05,17.6,7,17.65,18,0.0
1201,1273987,589,27940586,22.1,22.1,21.85,21.95,0.0,21.9,30,21.95,8,29.27
1203,15572,40,559466,35.85,36.05,35.85,36.05,0.2,35.95,18,36.05,5,18.49
1210,7905016,4391,380202012,47.5,48.6,47.35,48.1,1.3,48.1,47,48.15,48,13.59
1213,6353,4,49492,7.8,7.8,7.8,7.8,0.0,7.7,1,7.97,1,0.0
1215,1001955,877,71059147,71.0,71.4,70.5,70.7,0.2,70.6,33,70.7,28,10.74
1216,3853970,2079,256033141,66.5,66.8,66.1,66.3,0.3,66.3,703,66.4,83,18.11
1217,12558663,3589,122569575,9.75,10.05,9.55,9.71,0.07,9.7,44,9.71,34,23.68
1218,1576589,767,42391888,26.8,27.4,26.65,26.65,0.0,26.65,56,26.8,3,16.87
1219,1702212,738,37218625,21.9,22.05,21.75,21.9,0.0,21.85,27,21.95,40,11.65
1220,370243,124,4662096,12.7,12.7,12.5,12.7,0.0,12.65,5,12.7,38,13.23
1225,330248,288,12378258,38.6,38.6,36.55,36.65,0.95,36.65,7,36.75,1,24.76
1227,833500,659,50622680,60.5,60.9,60.5,60.7,0.3,60.7,28,60.8,30,15.68
1229,1145064,889,47393573,41.4,41.5,41.3,41.45,0.2,41.4,9,41.45,26,19.64
1231,119968,129,5422970,45.15,45.25,45.15,45.2,0.1,45.2,5,45.25,13,12.73
1232,89351,111,11375581,125.5,128.5,125.5,128.5,2.5,127.0,7,128.5,9,18.7
1233,34244,30,1231444,35.9,36.1,35.9,36.1,0.2,36.0,2,36.1,2,47.5
1234,111237,81,3670544,33.0,33.05,32.95,33.0,0.0,32.95,40,33.0,6,15.07
1235,9040,11,221671,24.5,24.85,24.45,24.45,0.0,24.45,9,24.55,1,31.35
1236,26228,81,370774,14.1,14.25,14.05,14.05,0.05,14.0,7,14.1,5,46.83
1256,6474,64,1919351,296.5,296.5,295.5,295.5,1.0,295.5,4,296.5,1,14.23
1301,4338064,1999,403034055,92.5,93.1,92.5,92.8,0.2,92.7,25,92.8,95,47.35
1303,3134360,1717,217944650,69.2,69.9,69.1,69.4,0.2,69.4,75,69.5,27,31.12
1304,15506586,6500,339737677,22.15,22.35,21.6,21.9,0.0,21.9,131,21.95,103,16.85
1305,6687981,2515,163807787,24.6,25.0,24.15,24.5,0.05,24.5,82,24.55,69,15.91
1307,213786,150,4889698,22.9,23.05,22.65,22.7,0.0,22.65,5,22.7,1,42.83
1308,6150103,2738,131027119,21.6,21.6,21.1,21.2,0.1,21.2,32,21.25,308,14.83
1309,27646278,11887,985891281,34.85,36.9,34.7,36.35,1.2,36.35,124,36.4,23,10.33
1310,4699105,1900,90198887,19.35,19.5,19.05,19.1,0.25,19.1,77,19.15,10,0.0
1312,7541490,2602,171752471,22.85,23.0,22.6,22.75,0.1,22.75,56,22.8,22,8.65
1312A,0,0,0,,,,,0.0,30.45,1,30.95,11,0.0
1313,10283397,3626,189742375,18.35,18.8,18.1,18.7,0.45,18.65,28,18.7,137,30.66
1314,266038297,47053,3087720397,11.6,11.95,11.2,11.55,0.15,11.5,1628,11.55,342,57.75
1315,167499,126,11750698,70.4,70.4,70.0,70.2,0.2,70.1,19,70.4,5,1.76
1316,535637,196,6549485,12.45,12.45,12.1,12.15,0.0,12.15,4,12.2,24,0.0
1319,831609,418,31570000,38.1,38.4,37.55,37.95,0.1,37.9,8,37.95,45,19.77
1321,261041,162,9325072,35.6,35.85,35.5,35.8,0.4,35.8,3,35.85,3,13.88
1323,43122,37,1419962,32.85,33.0,32.85,33.0,0.15,32.9,1,33.0,25,10.19
1324,177195,89,1867665,10.7,10.75,10.4,10.5,0.05,10.45,4,10.5,4,47.73
1325,4186022,3028,385899810,93.3,93.7,91.2,91.2,2.8,91.2,6,91.3,1,5.43
1326,3008961,1698,238626107,79.3,79.6,79.0,79.6,0.5,79.5,13,79.6,36,37.37
1337,3450964,1218,31666413,9.34,9.34,9.04,9.09,0.1,9.09,35,9.1,140,0.0
1338,253223,206,14482663,57.2,57.7,56.8,56.8,0.4,56.8,8,57.2,23,20.07
1339,144169,103,5905052,41.05,41.2,40.8,41.15,0.1,40.75,4,41.15,13,27.07
1340,232983,201,2900991,12.4,12.6,12.35,12.4,0.0,12.4,1,12.45,13,0.0
1341,1100,3,64400,58.5,58.5,58.5,58.5,0.5,58.3,11,59.0,3,10.62
1342,320473,255,19458524,60.0,61.9,59.9,60.2,1.7,60.1,3,60.4,3,20.48
1402,8792251,3948,250245960,28.25,28.7,28.2,28.55,0.5,28.55,19,28.6,475,17.1
1409,99321846,18359,1433525518,14.4,14.85,14.0,14.35,0.3,14.3,86,14.35,297,9.5
1410,3005,5,101811,33.75,34.25,33.75,34.25,0.4,33.75,1,33.95,1,40.29
1413,530798,243,4892328,9.32,9.4,9.05,9.06,0.36,9.05,16,9.1,1,0.0
1414,2597192,1129,38783705,14.7,15.3,14.65,14.9,0.2,14.8,33,14.9,25,33.86
1416,174687,163,2066863,11.95,11.95,11.75,11.75,0.1,11.75,2,11.8,78,0.0
1417,2140615,819,24346942,11.5,11.6,11.25,11.3,0.2,11.3,14,11.4,14,40.36
1418,6263,10,44708,7.19,7.19,7.13,7.13,0.0,7.13,4,7.49,2,0.0
1419,18083,19,770288,42.3,42.85,42.3,42.45,0.0,42.35,1,42.55,16,38.94
1423,328041,144,5277894,16.1,16.35,15.95,15.95,0.05,15.9,21,15.95,4,0.0
1432,310620,172,4483410,14.5,14.65,14.3,14.3,0.15,14.3,18,14.35,3,0.0
1434,2218311,1121,68236439,30.65,30.9,30.55,30.8,0.25,30.8,79,30.85,201,13.94
1435,732976,474,20099594,28.5,28.5,26.55,26.9,1.6,26.7,4,26.9,2,0.0
1436,36228,29,1379636,37.8,38.25,37.8,38.1,0.05,38.1,2,38.15,11,8.3
1437,276605,80,6640429,23.95,24.1,23.95,24.0,0.05,23.95,2,24.0,9,16.55
1438,40000,22,487500,12.6,12.6,12.05,12.05,0.05,12.1,7,12.2,8,25.64
1439,111764,78,3152811,28.3,28.35,28.05,28.25,0.2,28.25,9,28.3,21,64.2
1440,16832671,4272,263794626,15.8,16.0,15.35,15.45,0.05,15.45,51,15.5,109,90.88
1441,527757,237,4467316,8.43,8.58,8.41,8.46,0.11,8.46,3,8.48,8,0.0
1442,133298,72,2340579,17.55,17.6,17.5,17.6,0.05,17.55,12,17.6,6,125.71
1443,47999,35,560594,11.85,11.85,11.6,11.7,0.1,11.6,8,11.7,10,0.0
1444,69814888,16639,949696876,13.5,13.95,13.3,13.4,0.1,13.35,818,13.4,133,0.0
1445,594496,184,7208498,12.5,12.5,11.9,12.0,0.1,11.95,15,12.05,15,0.0
1446,59292,42,1809712,30.8,30.8,30.35,30.35,0.4,30.35,3,30.45,1,379.38
1447,49384879,11420,461592377,9.11,9.64,9.1,9.29,0.24,9.28,119,9.29,185,0.0
1449,590129,364,18011041,30.85,31.3,29.95,30.1,0.7,30.1,5,30.15,14,0.0
1451,180939,153,3101012,17.2,17.2,17.1,17.15,0.05,17.15,13,17.2,28,0.0
1452,2409077,1000,43200306,17.85,18.3,17.5,17.55,0.05,17.55,6,17.6,54,32.5
1453,245657,117,2241499,9.17,9.18,9.06,9.06,0.09,9.06,1,9.14,1,0.0
1454,1389954,410,12589590,8.92,9.5,8.88,9.1,0.31,9.0,16,9.1,30,0.0
1455,66768051,12666,794225163,11.6,12.1,11.5,12.1,1.1,12.05,30,12.1,886,0.0
1456,3244397,1417,55147771,17.1,17.1,16.25,17.1,1.55,17.1,237,,0,0.0
1457,19659771,6775,321926233,16.5,16.95,15.65,15.8,0.4,15.8,76,15.85,11,5.6
1459,2578298,863,24253748,9.5,9.6,9.1,9.48,0.38,9.45,3,9.48,8,0.0
1460,3365811,1192,34003621,10.05,10.3,9.93,9.99,0.01,9.99,23,10.0,12,0.0
1463,530516,305,6880814,13.2,13.2,12.85,12.9,0.15,12.9,7,12.95,13,61.43
1464,466961,221,8683191,18.55,18.65,18.5,18.6,0.1,18.6,12,18.65,53,372.0
1465,68303,91,893413,13.1,13.1,13.0,13.05,0.0,13.05,5,13.1,13,0.0
1466,8007995,3289,151462431,18.1,19.5,17.95,18.95,0.9,18.9,28,18.95,13,0.0
1467,1256413,613,24736720,20.2,20.2,19.4,19.5,0.35,19.5,14,19.55,9,0.0
1468,59000,45,891050,15.5,15.5,14.7,15.5,0.0,14.7,1,15.4,3,51.67
1470,34000,15,623450,18.5,18.5,18.0,18.0,0.3,18.0,3,18.15,1,48.65
1471,540300,178,3102636,5.61,5.88,5.61,5.68,0.08,5.67,3,5.68,42,3.32
1472,438002,187,4546993,10.4,10.45,10.0,10.45,0.0,10.4,3,10.45,1,0.0
1473,268660,170,4897878,18.3,18.3,18.2,18.25,0.1,18.25,13,18.3,36,0.0
1474,1357715,606,17781795,13.2,13.25,12.95,12.95,0.1,12.95,5,13.0,12,15.24
1475,17099,20,670816,39.8,39.9,38.05,38.05,0.95,38.05,1,39.45,1,0.0
1476,336634,343,133745317,400.0,400.0,395.0,395.5,2.5,395.0,9,396.5,1,28.58
1477,613944,593,116506230,190.5,190.5,189.0,189.0,1.5,189.0,56,189.5,24,20.84
1503,64332,78,3213372,49.95,50.1,49.8,49.8,0.1,49.8,2,49.9,12,15.47
1504,2402603,1194,66184573,27.5,27.7,27.45,27.6,0.05,27.6,38,27.65,70,15.95
1506,129147,69,1406690,11.0,11.0,10.8,10.8,0.1,10.8,23,10.9,22,0.0
1507,37160,92,2292692,61.6,61.8,61.6,61.7,0.3,61.7,10,61.8,11,21.28
1512,145657,50,583288,4.02,4.02,4.0,4.02,0.01,4.02,7,4.05,6,0.0
1513,8082562,3950,442573503,55.2,55.6,54.0,54.6,0.1,54.5,56,54.6,57,26.9
1514,544805,333,14326702,26.5,26.65,26.1,26.2,0.1,26.2,4,26.25,8,16.58
1515,658250,439,48350114,74.5,74.5,72.9,73.2,0.3,73.2,12,73.4,1,20.28
1516,872226,489,22342205,24.95,26.35,24.6,25.15,0.6,25.15,1,25.2,2,30.67
1517,1108571,487,15513292,14.1,14.2,13.9,13.95,0.1,13.95,13,14.0,36,93.0
1519,1195678,776,59821073,50.5,50.8,49.5,49.8,0.4,49.8,58,49.85,19,26.07
1521,21000,20,1162600,55.1,55.6,55.1,55.6,0.5,55.5,1,55.6,1,28.37
1522,536810,319,11663962,21.5,21.9,21.45,21.75,0.4,21.7,21,21.75,11,26.85
1524,194574,108,1891314,9.76,9.76,9.7,9.72,0.02,9.71,1,9.72,4,24.3
1525,99000,87,6427300,64.6,65.7,64.3,65.2,1.4,65.2,1,65.3,7,16.38
1526,631009,414,28902780,46.3,46.8,45.35,45.5,0.6,45.5,28,45.55,3,15.74
1527,149175,141,6200358,41.8,41.8,41.4,41.45,0.1,41.4,6,41.45,5,25.75
1528,2278987,838,21816209,9.42,9.89,9.3,9.76,0.4,9.75,17,9.76,3,0.0
1529,136131,64,2273761,16.75,16.9,16.5,16.55,0.2,16.55,7,16.65,7,17.99
1530,25805,63,795193,30.7,30.85,30.7,30.8,0.1,30.8,1,30.85,6,8.63
1531,208325,122,2761717,13.45,13.55,13.1,13.25,0.0,13.2,64,13.25,1,0.0
1532,390671,169,12260589,31.25,31.7,31.15,31.5,0.25,31.45,1,31.5,26,50.0
1533,515545,302,17861744,35.2,35.2,33.85,34.2,0.1,34.2,2,34.25,2,57.97
1535,36000,22,1206050,33.45,33.55,33.4,33.5,0.05,33.5,12,33.6,3,24.45
1536,1843130,1293,192070708,105.0,106.0,103.0,103.5,1.0,103.5,49,104.0,20,105.61
1537,35321,34,4983433,141.0,141.5,140.5,141.0,0.5,141.0,5,141.5,15,13.0
1538,32495,27,246485,7.61,7.81,7.55,7.6,0.2,7.6,11,7.7,1,0.0
1539,62000,35,1223700,20.1,20.1,19.55,19.7,0.15,19.7,1,19.8,8,0.0
1540,77257,51,1177910,15.2,15.4,15.1,15.1,0.1,15.1,18,15.2,4,0.0
1541,47332,34,2574392,54.3,54.6,54.3,54.3,0.1,54.2,3,54.4,7,11.17
1558,43110,40,6017449,139.5,140.0,139.0,139.0,0.5,139.0,20,140.0,12,11.47
1560,1751934,1075,116598269,66.2,66.9,66.0,66.0,0.0,66.0,23,66.1,9,16.75
1568,384728,233,8117534,21.7,21.7,20.9,21.1,0.2,21.05,1,21.1,5,301.43
1582,289761,258,24789445,85.6,85.7,85.3,85.3,0.5,85.3,5,85.4,9,10.61
1583,3145,8,192748,61.4,61.4,61.1,61.1,0.5,61.0,3,61.4,2,15.31
1587,209701,142,5343394,25.35,25.65,25.35,25.55,0.25,25.55,2,25.6,18,12.11
1589,530017,398,43163679,82.8,82.8,80.7,80.8,1.3,80.7,26,80.9,1,18.7
1590,109873,131,96560599,888.0,888.0,872.0,874.0,4.0,874.0,2,878.0,2,40.37
1592,401000,171,3547140,8.72,8.99,8.69,8.96,0.27,8.96,4,8.97,2,0.0
1597,232985,220,20371608,88.0,88.5,86.7,87.3,0.2,87.3,2,87.5,3,37.31
1598,1379086,769,162454587,118.0,119.5,116.5,117.0,2.0,117.0,10,117.5,14,21.01
1603,8903,13,251666,28.35,28.45,28.2,28.45,0.2,28.2,6,28.45,6,11.43
1604,1175124,473,30368199,25.7,25.95,25.7,25.95,0.3,25.9,82,25.95,89,5.63
1605,40670245,10642,786385642,19.2,19.65,19.1,19.45,0.75,19.45,75,19.5,1435,10.93
1608,12348934,3833,171802542,14.3,14.35,13.65,13.85,0.35,13.85,103,13.9,109,14.58
1609,8490794,3101,171705871,20.35,20.45,20.0,20.2,0.15,20.15,83,20.2,36,14.74
1611,6419412,2162,80892405,12.3,12.95,12.2,12.7,0.5,12.7,30,12.75,74,5.08
1612,8528869,3151,161273714,18.6,19.3,18.35,18.6,0.25,18.6,24,18.65,19,14.88
1614,141166,65,5057992,35.9,36.0,35.75,35.8,0.1,35.7,31,35.8,3,24.52
1615,368303,199,9227923,24.75,25.3,24.5,25.1,0.7,25.05,14,25.1,37,9.96
1616,3036718,871,20123894,6.89,6.89,6.48,6.6,0.29,6.6,1,6.62,3,0.0
1617,118010,63,1701194,14.4,14.5,14.35,14.5,0.15,14.4,13,14.5,4,14.95
1618,3385218,1302,46508919,13.8,14.15,13.35,13.6,0.0,13.55,13,13.6,19,13.6
1626,50603,33,1118404,22.15,22.2,22.0,22.1,0.05,22.05,8,22.1,18,29.47
1701,1742155,744,40849585,23.75,23.75,23.25,23.35,0.25,23.3,145,23.35,17,13.04
1702,743351,383,33818820,45.9,45.9,45.25,45.55,0.05,45.5,2,45.55,6,11.47
1707,133526,157,23668944,178.0,178.0,177.0,177.0,0.0,177.0,1,177.5,7,18.85
1708,1548879,667,37381920,24.05,24.35,23.95,23.95,0.05,23.95,60,24.0,13,31.51
1709,1073736,481,16868290,15.85,15.9,15.6,15.7,0.0,15.65,49,15.7,28,16.88
1710,3384089,1154,66943527,19.95,20.1,19.65,19.8,0.0,19.75,33,19.8,19,0.0
1711,3340653,1438,56630248,16.9,17.1,16.8,16.8,0.1,16.8,182,16.85,108,52.5
1712,1026485,288,21321700,20.75,20.85,20.7,20.8,0.05,20.75,100,20.8,75,11.43
1713,43548,28,838475,19.3,19.35,19.15,19.3,0.05,19.15,2,19.3,10,40.21
1714,6127715,1552,63371644,10.5,10.55,10.15,10.3,0.05,10.25,56,10.3,1,5.79
1717,8784001,4360,333956596,38.6,38.6,37.7,37.7,0.35,37.7,244,37.75,4,20.27
1718,26108465,5341,266763047,10.3,10.4,10.0,10.15,0.0,10.15,264,10.2,291,7.93
1720,268710,173,10069144,37.6,37.6,37.4,37.55,0.05,37.55,2,37.6,27,14.55
1721,515193,233,5737339,11.25,11.25,11.05,11.15,0.05,11.15,7,11.2,42,4.26
1722,1248047,571,66211117,53.2,53.3,52.8,53.0,0.1,53.0,2,53.1,13,19.92
1723,517772,423,55922039,108.0,108.5,107.5,108.0,0.0,107.5,3,108.0,37,37.89
1724,29693,54,383236,12.9,12.95,12.9,12.9,0.0,12.9,1,12.95,59,49.62
1725,29053,23,443159,15.4,15.4,15.15,15.2,0.1,15.2,7,15.35,2,16.7
1726,16388,19,1174890,71.8,71.8,71.7,71.7,0.3,71.7,5,71.8,1,14.09
1727,35819,67,402715,11.25,11.3,11.2,11.2,0.1,11.2,10,11.25,17,0.0
1730,70734,65,5043870,71.8,71.8,71.0,71.3,0.5,71.3,4,71.5,2,12.55
1731,455778,209,7785710,17.1,17.2,17.0,17.1,0.05,17.05,14,17.1,66,14.62
1732,1232318,757,27817777,23.0,23.0,22.2,22.5,0.65,22.5,13,22.55,1,27.44
1733,212007,129,5092561,23.95,24.15,23.95,24.05,0.15,24.05,4,24.1,4,16.7
1734,1221124,812,36718542,30.25,30.4,29.8,29.95,0.1,29.95,4,30.0,4,83.19
1735,36008,24,603582,16.7,16.8,16.7,16.8,0.0,16.8,2,16.95,1,36.52
1736,2837398,2018,262426909,92.7,94.1,90.2,92.6,0.1,92.5,16,92.6,50,31.28
1737,152439,119,4975813,32.65,32.75,32.6,32.65,0.0,32.65,3,32.7,5,20.53
1760,755745,536,64326927,86.4,86.4,84.5,84.6,0.0,84.6,13,84.7,10,136.45
1762,589130,387,36681642,62.5,62.7,61.7,62.7,0.5,62.4,71,62.7,7,10.35
1773,178813,150,19551684,109.0,110.0,108.5,108.5,0.5,108.5,5,109.0,28,17.73
1776,31000,25,513200,16.65,16.65,16.45,16.5,0.15,16.45,6,16.5,1,30.0
1783,74005,50,1675513,22.65,22.75,22.6,22.6,0.05,22.6,19,22.65,10,30.96
1786,57036,69,3469277,61.3,61.3,60.5,60.6,0.7,60.6,2,60.7,3,27.93
1789,881273,498,25412198,29.0,29.0,28.7,28.8,0.05,28.75,34,28.8,9,70.24
1795,349288,274,28317123,81.2,81.6,80.7,81.2,0.1,81.1,5,81.2,5,23.47
1802,17757464,5676,322198001,18.15,18.65,17.55,18.1,0.0,18.05,271,18.1,104,201.11
1805,381058,63,3790377,9.97,10.05,9.8,10.0,0.05,9.84,11,9.99,1,0.0
1806,1943799,422,14417851,7.49,7.52,7.29,7.37,0.04,7.36,43,7.37,25,0.0
1808,173925,106,10376886,59.0,60.0,59.0,59.4,0.4,59.2,2,59.4,1,21.76
1809,1082033,393,13437382,12.5,12.55,12.3,12.35,0.0,12.35,46,12.4,143,0.0
1810,875796,245,8682684,9.88,9.99,9.85,9.87,0.0,9.87,9,9.88,13,58.06
1817,121144,71,4148493,34.35,34.35,34.05,34.15,0.15,34.15,3,34.2,3,11.54
1903,515177,343,29545756,58.3,58.6,56.8,56.9,1.3,56.9,34,57.3,1,0.0
1904,1547162,816,49415770,32.0,32.1,31.85,31.85,0.1,31.85,93,31.9,12,10.41
1905,7925261,2195,89625144,11.45,11.55,11.05,11.15,0.1,11.15,57,11.2,54,0.0
1906,1071547,355,18097305,17.25,17.25,16.7,16.75,0.35,16.75,4,16.85,8,33.5
1907,2921757,1048,75478276,25.75,26.1,25.65,25.7,0.05,25.65,40,25.7,42,9.35
1909,29341486,9524,657319459,22.75,23.15,21.9,22.0,0.6,22.0,529,22.05,68,27.85
2002,37793792,10164,913514566,24.35,24.45,24.0,24.2,0.15,24.15,353,24.2,218,0.0
2002A,8897,13,454235,51.0,51.1,50.8,51.1,0.0,50.7,8,51.1,4,0.0
2006,10384036,4795,379675810,36.55,37.2,36.2,36.55,0.05,36.5,99,36.55,47,15.17
2007,2852472,1063,27441863,9.71,9.8,9.5,9.53,0.13,9.52,36,9.53,86,0.0
2008,5987817,2557,112466979,18.7,19.25,17.6,19.25,1.75,19.25,428,,0,0.0
2009,9085563,3323,231769419,26.6,26.6,25.15,25.8,1.35,25.8,27,25.85,15,860.0
2010,3681471,1502,52318289,14.2,14.4,14.05,14.25,0.2,14.2,109,14.25,51,25.91
2012,194421,137,3710771,19.4,19.4,19.0,19.0,0.2,19.0,25,19.1,25,26.39
2013,979781,483,32226453,32.85,33.2,32.6,32.85,0.0,32.85,16,32.9,24,12.59
2014,54731859,15352,859069708,15.6,16.05,15.35,15.5,0.0,15.5,1130,15.55,31,0.0
2015,2400250,1361,172220514,70.0,73.5,69.4,72.6,3.2,72.5,25,72.6,11,17.62
2017,3621904,1069,40812784,11.4,11.6,11.15,11.2,0.2,11.2,40,11.25,22,0.0
2020,1097883,527,21106036,19.4,19.5,19.1,19.25,0.05,19.2,16,19.25,17,11.6
2022,11370317,3411,92794594,8.48,8.48,7.9,8.15,0.22,8.15,8,8.16,36,0.0
2023,8769224,2553,117497031,13.6,13.6,13.25,13.35,0.0,13.35,87,13.4,374,0.0
2024,15683,23,244003,15.6,15.6,15.5,15.55,0.05,15.5,29,15.65,4,388.75
2025,572838,111,1661293,3.08,3.08,2.87,2.93,0.02,2.91,10,2.93,8,0.0
2027,28359157,12510,869836037,31.1,31.4,30.35,30.65,0.45,30.65,56,30.7,46,0.0
2028,3573167,1725,88450794,25.3,25.35,24.1,24.7,0.1,24.7,23,24.75,6,23.3
2029,2864304,1289,70141010,23.2,25.05,23.2,24.95,1.85,24.8,15,24.95,11,249.5
2030,3206624,1190,44651879,14.25,14.25,13.7,14.0,0.1,13.9,2,14.0,18,58.33
2031,2268114,1023,88884332,39.4,39.55,39.0,39.15,0.25,39.15,42,39.2,2,19.19
2032,2138454,763,29774874,14.2,14.2,13.8,13.95,0.05,13.95,30,14.0,73,28.47
2033,835025,358,10722267,13.2,13.35,12.65,12.65,0.35,12.65,10,12.7,2,22.19
2034,15913652,5942,448702467,28.4,28.5,27.75,27.9,0.3,27.9,36,27.95,15,25.83
2038,72331024,23740,1662978828,23.45,23.8,22.25,23.35,1.35,23.3,69,23.35,211,0.0
2049,2034819,2727,756972951,374.0,376.0,369.0,371.0,6.0,371.0,37,371.5,8,84.51
2059,140360,125,42098345,300.0,302.0,298.0,301.5,1.5,301.5,1,302.0,25,23.19
2062,121050,74,2889472,23.95,24.0,23.6,23.95,0.05,23.8,2,23.95,16,0.0
2069,143000,80,2545950,18.05,18.2,17.35,18.0,0.25,18.0,7,18.05,10,0.0
2101,379044,247,15768241,41.4,41.85,41.4,41.5,0.1,41.5,9,41.55,1,41.92
2102,640678,335,13076403,20.45,20.6,20.2,20.3,0.15,20.3,4,20.35,34,0.0
2103,1607861,595,37184978,23.1,23.4,22.85,23.1,0.05,23.05,47,23.1,23,0.0
2104,2744294,1316,68143798,25.1,25.2,24.65,24.8,0.05,24.8,34,24.85,64,0.0
2105,2056000,1264,89500901,43.5,43.85,43.3,43.55,0.05,43.5,109,43.55,107,43.55
2106,1064979,581,36684763,34.8,34.8,34.3,34.35,0.2,34.35,35,34.4,1,46.42
2107,1592603,747,39869549,25.2,25.4,24.8,24.9,0.2,24.9,22,24.95,18,9.58
2108,3974439,2546,240774583,61.5,61.8,60.0,60.1,1.1,60.1,165,60.2,7,15.57
2109,260102,105,3335295,12.9,12.9,12.75,12.9,0.05,12.8,4,12.9,40,16.33
2114,65689,54,5671572,86.0,86.9,86.0,86.3,0.3,86.3,1,86.6,1,16.1
2115,31713,32,1397482,44.5,44.5,43.85,43.85,0.0,43.7,4,43.95,1,7.18
2201,22972169,10742,916024077,37.65,41.05,37.6,41.05,3.7,41.05,1245,,0,0.0
2204,1801780,1056,88099648,48.5,49.7,48.45,49.1,0.6,49.1,2,49.15,20,0.0
2206,3115778,1303,106710068,34.5,34.65,33.85,34.0,0.2,34.0,1,34.05,2,16.43
2207,151923,236,95039247,632.0,632.0,621.0,622.0,5.0,622.0,8,623.0,1,25.65
2208,5708451,2651,163633375,28.85,29.4,28.15,28.3,0.35,28.3,28,28.35,6,0.0
2227,130539,183,33560844,258.5,259.0,256.0,256.5,1.0,256.5,4,257.5,6,12.74
2228,220030,152,18016169,81.8,83.0,81.4,81.5,0.2,81.5,1,81.7,1,34.68
2231,1640245,1395,322456305,196.5,201.5,193.0,195.5,3.0,195.5,16,196.0,16,100.26
2233,2234189,1568,185321099,82.5,84.4,81.3,81.9,0.5,81.8,23,81.9,1,15.39
2236,166846,127,3271903,19.1,20.45,18.9,19.8,1.05,19.8,4,19.85,5,1980.0
2239,1379972,1095,138701678,97.8,104.0,97.0,99.5,3.1,99.5,2,99.7,27,28.27
2241,184200,122,9968800,54.1,54.7,53.8,54.2,0.0,54.2,1,54.3,2,96.79
2243,44160,30,542484,12.5,12.5,12.2,12.3,0.15,12.3,1,12.35,1,0.0
2247,92208,114,23608025,255.5,257.0,255.5,256.0,0.5,255.5,6,256.5,9,18.23
2301,2320028,1245,114429226,49.2,49.4,49.2,49.3,0.1,49.25,223,49.3,52,11.0
2302,1971073,1076,48798347,24.7,25.6,24.1,24.5,0.0,24.5,8,24.55,1,490.0
2303,97512133,32665,4581552392,47.1,47.45,46.55,46.75,0.2,46.7,1089,46.75,267,26.56
2305,2663158,765,23925238,9.05,9.15,8.88,8.91,0.01,8.91,38,8.94,16,55.69
2308,2499181,1757,625412829,249.0,252.0,248.5,249.0,1.5,249.0,46,249.5,53,27.95
2312,10261858,2904,123320324,12.15,12.15,11.9,12.0,0.05,11.95,143,12.0,106,60.0
2313,6298713,3407,276006405,44.0,44.15,43.6,43.75,0.0,43.75,35,43.8,23,10.83
2314,6674382,3240,216393493,32.5,33.1,31.75,32.0,0.15,32.0,23,32.1,4,0.0
2316,627643,481,19762687,31.8,32.15,31.0,31.1,0.3,31.05,21,31.1,5,14.2
2317,114607503,61188,10497953149,90.9,92.2,90.8,91.8,2.2,91.7,467,91.8,1232,12.29
2321,33658,20,270759,7.85,8.09,7.85,8.09,0.11,7.87,24,8.09,3,0.0
2323,18178937,4032,170955247,9.46,9.57,9.28,9.34,0.02,9.34,25,9.35,251,0.0
2324,7066525,2627,145178912,20.5,20.6,20.45,20.6,0.2,20.55,320,20.6,300,13.21
2327,8955496,8039,4510339453,508.0,512.0,498.5,500.0,4.0,500.0,102,501.0,7,24.3
2328,27489858,10079,651684212,23.2,24.2,23.05,24.2,1.3,24.15,216,24.2,85,24.44
2329,4519594,1532,67852172,15.2,15.2,14.85,14.9,0.1,14.9,4,14.95,39,0.0
2330,12581145,14988,6449612552,514.0,515.0,510.0,511.0,1.0,511.0,123,512.0,150,26.98
2331,44107966,8838,1092604531,23.2,25.1,23.15,25.1,2.25,25.1,11520,,0,66.05
2332,9575473,3323,271178775,28.1,28.65,28.1,28.2,0.1,28.15,77,28.2,24,85.45
2337,31054824,13102,1261757224,40.7,41.1,40.2,40.4,0.05,40.4,361,40.45,63,15.19
2338,4871598,2213,196672968,40.15,40.8,40.05,40.35,0.25,40.3,46,40.35,58,26.72
2340,3249463,1352,82800526,25.6,25.75,25.3,25.4,0.05,25.4,159,25.45,2,19.54
2342,10863385,5545,399683524,35.7,37.4,35.7,36.95,1.1,36.95,19,37.0,28,0.0
2344,280446528,79484,7445481461,26.3,27.05,26.0,26.7,0.9,26.65,449,26.7,104,140.53
2345,620154,631,179317973,290.0,293.0,287.0,287.5,1.5,287.5,23,288.0,4,33.63
2347,2005436,985,94007584,47.0,47.35,46.7,46.7,0.3,46.7,77,46.75,5,10.22
2348,148358,136,12586075,85.2,85.6,84.3,84.4,0.1,84.4,2,84.5,1,7.65
2349,9189982,2328,104699287,11.4,11.6,11.2,11.35,0.2,11.3,13,11.35,69,0.0
2351,2985278,1954,228862620,74.1,77.6,74.1,77.0,3.2,77.0,7,77.2,28,52.74
2352,32646217,13019,904749458,27.15,28.15,27.1,27.85,1.3,27.85,287,27.9,208,14.21
2353,8603097,2785,204725057,24.0,24.0,23.65,23.75,0.05,23.75,68,23.8,200,16.27
2354,7815184,4307,419464780,53.1,54.2,53.1,53.7,1.0,53.7,124,53.8,86,13.98
2355,2127560,1030,64279675,30.2,30.45,30.0,30.05,0.2,30.0,201,30.05,58,91.06
2356,4768071,1994,114192882,23.95,24.0,23.9,23.95,0.05,23.9,273,23.95,65,10.74
2357,1748776,1337,435268368,250.0,251.0,247.5,248.0,0.5,248.0,25,248.5,22,9.52
2358,364363,160,5549988,15.25,15.45,15.05,15.35,0.15,15.35,9,15.4,23,191.88
2359,2059366,957,40117197,19.2,19.85,19.0,19.4,0.25,19.4,6,19.45,40,34.64
2360,267467,267,45778214,172.0,172.5,170.0,171.0,0.0,170.5,6,171.5,14,32.02
2362,715527,363,21487737,29.9,30.35,29.65,29.8,0.05,29.8,56,29.9,9,110.37
2363,8176230,2890,142196366,17.4,17.6,17.2,17.3,0.05,17.3,192,17.35,6,0.0
2364,157588,68,552471,3.52,3.52,3.5,3.5,0.05,3.47,10,3.5,76,116.67
2365,1840625,532,21900955,11.95,12.05,11.8,11.8,0.05,11.8,77,11.85,44,11.35
2367,3608189,1575,81420843,22.85,22.9,22.35,22.4,0.2,22.4,246,22.45,11,0.0
2368,16605259,8965,849262472,52.1,52.3,50.3,50.9,0.9,50.9,50,51.0,36,13.5
2369,8076662,2493,115203186,14.05,14.6,13.95,14.2,0.25,14.2,83,14.25,52,0.0
2371,75234245,19395,2040643565,27.5,27.7,26.75,26.95,0.6,26.95,113,27.0,66,33.69
2373,74794,65,6459502,86.4,86.6,86.0,86.2,0.6,86.3,3,86.5,6,14.06
2374,745347,323,10470665,14.15,14.2,13.85,14.2,0.1,14.0,10,14.2,40,0.0
2375,17948284,11026,1537047945,87.0,87.5,83.7,84.8,1.4,84.8,11,84.9,41,20.78
2376,2236781,1615,171562291,76.9,77.2,76.3,76.6,0.4,76.6,36,76.7,19,13.3
2377,1271864,948,160080516,126.5,127.0,125.0,125.5,0.5,125.0,153,125.5,20,14.58
2379,1282964,1254,517444340,398.5,408.0,397.0,400.5,4.0,400.0,37,400.5,23,26.18
2380,511712,279,3553565,6.95,7.0,6.9,6.93,0.01,6.92,1,6.93,6,0.0
2382,4628739,2566,368515288,79.2,80.0,78.9,79.8,1.0,79.7,35,79.8,205,14.51
2383,1360487,1102,214352389,159.0,159.0,156.5,157.5,0.0,157.0,63,157.5,48,13.62
2385,661922,535,56851938,85.6,86.2,85.1,86.1,1.1,85.9,2,86.1,6,11.05
2387,2454446,1508,160085445,66.2,66.5,64.3,64.7,1.1,64.7,22,64.8,6,16.22
2388,8777221,5515,464700713,55.1,55.9,51.3,51.9,3.0,51.9,29,52.0,23,0.0
2390,970529,416,14331254,14.85,14.9,14.65,14.75,0.05,14.7,19,14.75,11,25.43
2392,13725921,7437,658185256,47.05,48.6,46.85,48.5,1.7,48.45,107,48.5,280,11.1
2393,1871284,997,70088062,37.7,37.85,37.15,37.3,0.3,37.25,25,37.3,27,14.51
2395,226655,243,74896354,334.5,335.0,326.0,328.5,4.0,328.0,9,328.5,21,35.02
2397,28368,29,1885923,66.4,66.8,66.3,66.4,0.1,66.4,6,66.5,1,17.07
2399,10534212,3653,183992230,17.9,18.1,17.15,17.25,0.25,17.25,247,17.3,9,21.04
2401,11508103,3706,199988389,17.7,17.8,17.1,17.3,0.15,17.3,72,17.35,167,75.22
2402,1801626,705,31915748,17.85,17.95,17.55,17.6,0.35,17.6,28,17.65,17,37.45
2404,591535,508,124542139,210.0,211.5,209.5,211.5,2.0,211.0,7,211.5,4,10.25
2405,14357935,3660,176209432,11.9,12.35,11.8,12.35,1.1,12.35,2053,,0,0.0
2406,6575766,2988,145159969,22.65,22.75,21.7,21.8,0.65,21.8,223,21.85,3,0.0
2408,11690574,7644,991439145,85.6,86.4,83.3,84.0,1.3,83.9,49,84.0,208,32.06
2409,219930736,35868,3321039061,14.8,15.3,14.75,15.15,0.55,15.15,342,15.2,5552,0.0
2412,8715662,4220,945414602,108.5,109.0,108.0,108.5,0.5,108.5,2792,109.0,1221,25.53
2413,6064446,3408,162368937,26.0,27.85,25.7,26.25,0.35,26.2,64,26.25,61,0.0
2414,120470,89,3066857,25.5,25.65,25.4,25.45,0.0,25.4,21,25.45,1,12.0
2415,248500,111,4856225,19.65,19.7,19.45,19.55,0.15,19.5,5,19.55,1,0.0
2417,6207661,3519,310122280,50.4,50.8,49.1,49.1,0.75,49.1,25,49.25,9,9.78
2419,4467595,2023,112800070,24.8,25.9,24.55,25.65,0.9,25.6,126,25.65,45,33.31
2420,115465,82,3856234,33.4,33.45,33.35,33.4,0.05,33.35,33,33.4,17,11.25
2421,603939,433,32134219,53.4,53.5,53.0,53.2,0.2,53.2,24,53.3,28,14.58
2423,335724,185,8029424,23.95,24.05,23.8,23.9,0.05,23.9,6,23.95,24,15.72
2424,29674,41,856156,30.2,30.2,28.0,29.0,1.3,28.05,1,29.85,1,0.0
2425,1102310,700,31632318,29.2,29.3,28.3,28.45,0.5,28.45,10,28.5,17,33.87
2426,910647,443,14630502,16.15,16.2,16.0,16.05,0.0,16.05,1,16.1,24,11.98
2427,262455,115,3041080,11.6,11.65,11.5,11.65,0.05,11.6,183,11.65,91,14.21
2428,1174203,983,181731619,154.5,157.0,152.5,156.5,3.0,156.0,3,156.5,24,16.1
2429,196000,97,3869400,20.05,20.05,19.65,19.8,0.05,19.65,34,19.8,3,0.0
2430,149952,78,2908350,19.4,19.5,19.35,19.45,0.1,19.4,10,19.45,2,12.47
2431,3712798,953,46158350,12.55,12.75,12.15,12.4,0.25,12.35,17,12.4,27,26.38
2433,34175,25,1746195,51.3,51.3,51.0,51.1,0.2,51.1,4,51.2,1,13.0
2434,8116,14,218256,26.85,27.0,26.85,27.0,0.2,26.85,1,27.1,2,0.0
2436,13697578,7475,661136155,47.8,49.4,47.45,47.8,0.3,47.75,10,47.8,3,33.19
2438,125277,59,833217,6.72,6.72,6.6,6.7,0.0,6.59,1,6.7,23,134.0
2439,966893,862,142292371,148.5,148.5,146.0,147.5,1.0,147.0,15,147.5,26,25.52
2440,521947,236,6983041,13.45,13.55,13.25,13.35,0.05,13.35,8,13.45,25,10.35
2441,819000,510,44612216,54.0,54.8,54.0,54.3,0.4,54.3,18,54.4,7,12.84
2442,19334989,2644,221963152,11.2,11.65,11.15,11.35,0.25,11.35,21,11.4,228,283.75
2443,445000,104,1429387,3.38,3.38,3.05,3.2,0.11,3.15,1,3.21,4,0.0
2444,233201,98,3255553,14.0,14.1,13.9,14.0,0.0,13.9,20,14.0,23,0.0
2449,12228942,5813,420913251,34.0,34.7,33.95,34.6,0.9,34.6,214,34.65,304,10.71
2450,86441,101,2551794,29.5,29.65,29.45,29.55,0.0,29.5,7,29.55,5,19.57
2451,847240,630,54262993,63.5,64.4,63.4,64.3,1.1,64.2,13,64.3,5,20.74
2453,2412320,991,45268309,18.8,19.2,18.3,18.3,0.5,18.3,28,18.35,11,13.07
2454,2222300,2353,1593359269,720.0,722.0,712.0,715.0,1.0,715.0,24,716.0,5,34.81
2455,4271665,2807,459191551,109.0,110.0,106.0,107.0,1.0,107.0,10,107.5,82,38.63
2456,13261202,10134,1529571845,118.5,119.0,112.5,113.5,4.5,113.5,230,114.0,104,18.98
2457,9754452,3416,159910015,16.35,16.9,15.9,16.5,0.2,16.45,24,16.5,135,0.0
2458,1543166,1210,206286451,134.0,134.5,133.0,133.5,1.0,133.5,37,134.0,82,12.82
2459,92085,76,4239881,46.0,46.2,45.85,46.15,0.3,46.1,2,46.2,25,10.3
2460,4458781,1700,81644499,17.6,18.9,17.5,17.55,0.05,17.55,40,17.6,4,0.0
2461,551273,254,10397882,19.0,19.1,18.7,18.8,0.05,18.8,5,18.85,43,0.0
2462,217073,130,6619880,30.7,30.8,30.25,30.3,0.4,30.3,1,30.6,1,28.32
2464,629548,392,26878001,42.95,43.0,42.45,42.6,0.15,42.6,7,42.65,2,17.25
2465,3993048,2189,87988222,22.85,23.0,21.5,21.5,1.0,21.5,292,21.55,10,0.0
2466,89010,54,2838112,31.8,31.95,31.8,31.95,0.2,31.9,1,31.95,9,106.5
2467,565879,330,20631449,36.1,36.6,36.1,36.5,0.5,36.45,6,36.5,13,15.87
2468,63000,24,869100,13.9,13.9,13.75,13.8,0.0,13.75,6,13.8,5,17.92
2471,7880844,3980,220130353,27.65,28.65,27.1,27.95,0.95,27.75,2,27.95,2,13.57
2472,1717636,1181,105916319,62.3,62.5,60.8,61.8,0.0,61.8,1,61.9,17,12.36
2474,1181541,984,239218443,203.0,203.5,201.5,202.5,1.0,202.0,30,202.5,97,14.4
2476,144406,104,2972389,20.55,20.8,20.45,20.7,0.35,20.6,1,20.7,28,16.69
2477,122869,73,3826002,31.2,31.4,30.8,31.15,0.05,31.0,3,31.15,1,22.09
2478,8981921,5221,729491249,82.2,82.5,80.2,81.0,0.1,81.0,100,81.1,43,16.84
2480,117560,127,7728854,65.3,66.0,65.3,65.9,0.6,65.9,3,66.0,11,14.52
2481,57835388,30650,2993956545,51.6,53.8,50.1,51.0,0.4,50.9,33,51.0,371,20.08
2482,56176,74,598539,10.7,10.7,10.6,10.6,0.0,10.6,35,10.65,8,0.0
2483,67105,45,1315857,19.45,19.7,19.45,19.6,0.2,19.55,8,19.65,14,22.27
2484,1346263,576,30616497,22.75,23.0,22.45,22.65,0.25,22.65,9,22.75,3,26.03
2485,573497,375,11206885,19.6,19.85,19.4,19.4,0.15,19.4,49,19.45,1,0.0
2486,8303223,3125,165382844,19.7,20.4,19.6,19.9,0.5,19.85,103,19.9,10,0.0
2488,328284,192,10023025,30.9,30.95,29.5,30.5,0.2,30.5,12,30.55,1,12.76
2489,2413377,756,29502173,12.3,12.3,12.15,12.2,0.05,12.15,139,12.2,58,0.0
2491,186690,70,1797284,9.69,9.79,9.55,9.64,0.05,9.61,3,9.64,29,1.85
2492,10358642,7766,2328469302,229.0,230.5,221.5,223.0,4.0,223.0,15,223.5,135,17.74
2493,352003,234,11790201,33.6,33.7,33.4,33.4,0.2,33.4,22,33.5,2,13.31
2495,135050,68,1681969,12.35,12.55,12.3,12.5,0.15,12.4,20,12.45,1,0.0
2496,86426,53,4655175,54.2,54.2,53.5,53.6,0.4,53.3,2,53.9,15,14.33
2497,223108,146,6144470,27.35,28.05,27.25,27.5,0.3,27.5,6,27.7,6,0.0
2498,4370212,1836,134163254,30.65,30.95,30.5,30.55,0.25,30.55,12,30.6,60,0.0
2501,630856,291,12371950,19.65,19.7,19.55,19.65,0.0,19.6,61,19.65,13,17.7
2504,2631453,1461,63982496,24.5,24.65,24.15,24.25,0.15,24.2,18,24.25,10,12.5
2506,387094,163,3858465,9.99,9.99,9.93,9.96,0.01,9.96,3,9.97,1,0.0
2509,109118,42,2031660,18.65,18.65,18.5,18.55,0.05,18.5,10,18.55,7,32.54
2511,1912683,483,21732844,11.3,11.45,11.3,11.4,0.15,11.35,78,11.4,122,39.31
2514,158177,118,2234146,14.0,14.15,14.0,14.15,0.15,14.1,16,14.2,50,50.54
2515,25506927,5771,248978203,9.8,9.92,9.63,9.7,0.1,9.7,184,9.71,93,28.53
2516,366001,121,1897320,5.2,5.24,5.13,5.24,0.07,5.18,3,5.24,23,0.0
2520,966130,582,32212614,33.35,33.5,33.2,33.3,0.1,33.3,17,33.35,12,8.26
2524,187271,26,7322904,39.05,39.3,39.05,39.1,0.05,39.05,3,39.1,12,8.5
2527,167520,80,3181742,19.1,19.1,18.95,19.05,0.05,19.0,6,19.05,5,15.24
2528,90174,34,2088819,23.2,23.3,23.1,23.1,0.0,23.1,5,23.2,8,0.0
2530,1054162,477,14982878,14.35,14.35,14.1,14.2,0.1,14.15,257,14.2,26,0.0
2534,529450,453,10479249,19.6,19.95,19.6,19.85,0.2,19.8,5,19.85,2,15.51
2535,1009232,337,26866101,26.55,26.7,26.55,26.65,0.1,26.6,22,26.65,25,9.06
2536,282316,140,6360254,22.65,22.65,22.45,22.55,0.05,22.5,32,22.55,14,10.74
2537,1136661,372,10921028,9.53,9.66,9.53,9.65,0.14,9.64,9,9.65,8,56.76
2538,893452,226,9142801,10.15,10.3,10.15,10.25,0.1,10.2,26,10.25,19,0.0
2539,81860,65,2478603,30.35,30.35,30.2,30.3,0.1,30.2,7,30.35,20,12.89
2540,237125,41,16524559,69.0,70.3,69.0,69.8,0.8,69.7,3,69.8,1,15.62
2542,6724059,3210,312529899,46.45,46.85,46.0,46.45,0.05,46.4,1,46.45,151,17.08
2543,186754,52,1307051,6.99,7.03,6.98,6.98,0.01,6.98,6,7.0,1,38.78
2545,269000,141,10103950,37.65,37.8,37.3,37.7,0.0,37.7,38,37.75,18,8.59
2546,128006,71,6152894,48.15,48.2,48.0,48.1,0.05,48.1,3,48.15,1,10.64
2547,1195879,473,14055069,11.85,11.85,11.65,11.7,0.0,11.65,331,11.7,185,30.79
2548,334569,270,29368629,88.0,88.0,87.6,87.8,0.2,87.7,13,87.9,27,10.68
2597,50528,43,3282525,64.9,65.0,64.9,65.0,0.4,64.9,2,65.0,1,11.57
2601,27693899,6427,302422098,10.8,11.15,10.7,10.75,0.0,10.75,866,10.8,181,0.0
2603,384598900,90150,12737068131,33.0,34.0,32.45,33.45,2.45,33.4,98,33.45,2696,15.07
2605,42238794,14867,878342888,20.3,21.4,20.3,20.9,1.1,20.9,17,20.95,18,17.56
2606,12839369,5747,448408569,35.0,35.4,34.3,35.0,0.8,34.95,198,35.0,52,27.13
2607,39607125,11259,759546920,18.55,19.65,18.55,19.15,1.0,19.1,118,19.15,22,26.6
2608,130166,93,5639840,43.9,43.9,43.2,43.35,0.1,43.3,3,43.35,7,14.12
2609,180477681,43045,4152899120,23.1,23.1,22.35,23.1,2.1,23.1,60618,,0,70.0
2610,66489948,11574,798723328,12.05,12.2,11.9,11.95,0.05,11.95,772,12.0,2240,0.0
2611,3488905,1167,33037580,9.44,9.72,9.22,9.46,0.29,9.46,29,9.5,33,0.0
2612,6933927,3580,253008359,36.8,38.0,35.5,35.8,0.0,35.8,54,35.85,4,18.45
2613,2775292,1301,56882166,20.0,20.8,20.0,20.45,0.85,20.4,3,20.45,32,107.63
2614,3404751,1385,59620078,17.6,17.65,17.4,17.5,0.05,17.45,105,17.5,84,13.36
2615,89599265,38277,4296206821,47.5,49.2,46.5,48.0,2.75,48.0,360,48.05,88,22.43
2616,57397,82,1831527,31.95,32.0,31.85,31.9,0.05,31.85,11,31.95,10,12.04
2617,3545720,1453,72115818,20.35,20.8,20.05,20.4,0.45,20.4,8,20.45,68,17.0
2618,26624919,5688,349561871,13.15,13.25,13.05,13.1,0.05,13.1,583,13.15,245,0.0
2630,80080,61,1370575,17.4,17.4,16.9,17.2,0.2,17.25,2,17.3,4,46.49
2633,4565442,1754,140771092,30.8,30.95,30.75,30.9,0.15,30.9,68,30.95,45,33.96
2634,1086084,516,31096184,28.85,28.85,28.55,28.6,0.0,28.6,15,28.65,9,37.63
2636,1260889,785,50741137,40.45,40.65,39.9,40.15,0.3,40.15,25,40.2,4,11.31
2637,2698034,1313,65455590,24.2,24.6,23.95,24.25,0.2,24.2,13,24.25,34,142.65
2642,140083,103,4707808,33.65,33.75,33.55,33.55,0.1,33.5,34,33.55,2,16.45
2701,74167,36,886022,11.95,11.95,11.9,11.95,0.0,11.9,47,11.95,37,27.79
2702,100634,42,1727935,17.15,17.3,17.1,17.2,0.0,17.15,25,17.25,7,0.0
2704,56387,45,1683010,29.8,30.0,29.7,30.0,0.2,29.9,20,30.0,13,111.11
2705,307128,220,6847054,22.35,22.5,22.15,22.2,0.15,22.2,29,22.25,5,0.0
2706,103346,84,1432440,13.85,13.9,13.85,13.85,0.0,13.85,4,13.9,42,41.97
2707,208010,226,28262184,135.5,136.5,135.0,136.0,0.5,135.5,1,136.0,15,22.7
2712,9000,9,416450,46.85,46.85,46.0,46.6,0.05,46.15,1,46.55,2,71.69
2722,19000,18,484100,25.65,25.65,25.35,25.45,0.15,25.45,1,25.7,3,40.4
2723,1013765,789,146833889,145.5,147.5,142.0,145.5,0.5,145.0,34,146.0,26,31.56
2727,1179066,1072,151071778,131.5,131.5,126.5,128.0,2.0,127.5,15,128.5,15,39.63
2731,103516,95,7698480,74.1,75.0,74.1,74.3,0.4,74.3,1,74.4,2,0.0
2739,47345,36,1150799,24.5,24.5,24.2,24.2,0.3,24.2,4,24.35,17,0.0
2748,35403,37,1449597,41.15,41.15,40.85,41.0,0.0,40.85,1,41.0,1,28.87
2801,2997698,852,51907184,17.2,17.4,17.2,17.35,0.05,17.35,137,17.4,566,21.96
2809,770100,369,29500477,38.1,38.4,38.1,38.35,0.35,38.3,7,38.35,12,8.48
2812,4000836,1636,43075495,10.8,10.8,10.75,10.75,0.05,10.75,1898,10.8,2207,10.14
2816,235723,77,4808640,20.4,20.45,20.35,20.4,0.0,20.35,6,20.4,4,6.76
2820,472073,242,6989754,14.8,14.85,14.75,14.85,0.05,14.8,33,14.85,405,13.38
2823,8699394,1638,191551446,22.05,22.1,21.95,22.0,0.05,21.95,2665,22.0,169,6.34
2832,84361,48,1707991,20.25,20.3,20.15,20.25,0.0,20.25,2,20.3,9,10.77
2834,6104562,1888,58528844,9.6,9.63,9.57,9.58,0.0,9.58,43,9.59,106,14.97
2836,1135829,207,11703450,10.3,10.35,10.3,10.3,0.0,10.3,521,10.35,259,14.31
2838,1008133,247,10709410,10.6,10.65,10.6,10.65,0.05,10.6,262,10.65,274,10.44
2838A,17041,12,882215,51.8,51.9,51.6,51.9,0.0,51.8,1,51.9,99,0.0
2841,2833559,852,21083141,7.42,7.49,7.4,7.45,0.11,7.44,5,7.45,34,0.0
2845,2289763,816,24573487,10.7,10.8,10.65,10.7,0.0,10.7,108,10.75,222,12.59
2849,105591,67,1660765,15.45,15.8,15.45,15.7,0.25,15.6,1,15.65,3,15.39
2850,51850,51,1984339,38.35,38.35,38.1,38.25,0.1,38.15,7,38.3,20,7.15
2851,117601,68,2625574,22.3,22.45,22.25,22.3,0.0,22.25,37,22.3,7,8.78
2852,416481,72,5439919,13.05,13.1,13.05,13.05,0.05,13.05,57,13.1,27,12.08
2855,2062807,478,35118099,17.0,17.1,16.95,17.0,0.0,17.0,29,17.05,5,9.19
2867,3033977,879,25251413,8.28,8.35,8.28,8.32,0.05,8.31,81,8.32,29,8.67
2880,5125792,1742,91546869,17.8,17.9,17.75,17.9,0.15,17.85,593,17.9,623,29.34
2881,6538845,2336,297760728,45.6,45.7,45.4,45.5,0.05,45.45,170,45.5,32,7.17
2881A,100207,25,6191070,61.8,61.8,61.7,61.8,0.0,61.7,266,61.8,241,0.0
2881B,146727,32,9097069,62.1,62.3,61.9,62.3,0.0,62.0,1,62.3,24,0.0
2882,5613417,2130,230729967,41.2,41.2,41.0,41.15,0.15,41.1,25,41.15,162,8.07
2882A,59049,20,3661223,62.0,62.1,62.0,62.1,0.0,62.0,1,62.1,101,0.0
2882B,5563,17,346055,62.1,62.5,62.1,62.5,0.0,62.1,3,62.4,3,0.0
2883,47228442,13169,436448063,9.26,9.29,9.2,9.2,0.02,9.2,2200,9.21,28,12.27
2884,12207172,4313,305184585,25.0,25.1,24.95,25.0,0.05,24.95,2437,25.0,149,17.24
2885,8854582,2112,174756651,19.75,19.8,19.65,19.7,0.05,19.7,105,19.75,178,10.48
2886,6337524,2874,186106671,29.4,29.45,29.3,29.35,0.1,29.35,106,29.4,891,15.86
2887,4457919,1322,58093425,13.05,13.1,13.0,13.0,0.05,13.0,2250,13.05,1276,10.66
2887E,166491,64,8716153,52.4,52.4,52.3,52.3,0.1,52.4,1,52.5,3,0.0
2887F,5298,13,270506,51.1,51.1,51.0,51.0,0.1,51.0,28,51.1,7,0.0
2888,28857131,3386,246019353,8.51,8.55,8.49,8.52,0.04,8.51,452,8.52,139,7.47
2888A,11316,22,489439,43.25,43.3,43.25,43.25,0.1,43.25,36,43.3,3,0.0
2888B,136414,87,5743776,42.1,42.15,42.1,42.1,0.0,42.1,24,42.15,23,0.0
2889,2034467,756,25767073,12.65,12.7,12.65,12.7,0.05,12.65,666,12.7,689,12.33
2890,4906947,1174,54787211,11.2,11.2,11.15,11.15,0.0,11.15,1143,11.2,4700,10.32
2891,12837945,4725,247063732,19.25,19.3,19.2,19.3,0.05,19.25,185,19.3,1035,9.46
2891B,5578,19,351745,62.7,63.3,62.7,63.2,0.1,62.7,1,63.2,2,0.0
2891C,7438,26,454294,61.1,61.2,61.0,61.2,0.0,61.0,19,61.2,4,0.0
2892,7236899,3077,150199274,20.75,20.8,20.7,20.8,0.1,20.75,365,20.8,640,15.41
2897,4427410,721,29082371,6.54,6.62,6.53,6.59,0.05,6.59,12,6.6,102,18.83
2897A,14032,10,142424,10.15,10.15,10.15,10.15,0.0,10.15,9,10.2,45,0.0
2901,25195,54,619670,24.6,24.65,24.5,24.6,0.0,24.5,1,24.6,14,79.35
2903,638386,398,15294533,24.0,24.1,23.85,23.9,0.1,23.9,25,23.95,1,18.24
2904,250646,175,6821635,27.6,27.75,26.95,27.1,0.4,27.0,3,27.1,1,11.99
2905,736560,376,15084126,20.2,20.7,20.2,20.6,0.45,20.6,8,20.65,34,11.57
2906,1564439,322,23698892,15.2,15.45,14.95,15.4,0.4,15.35,14,15.4,73,770.0
2908,52953,50,1402579,26.5,26.6,26.35,26.5,0.0,26.4,32,26.5,3,16.99
2910,14000,14,571000,39.2,41.8,39.2,40.55,1.35,40.1,1,40.95,1,71.14
2911,543238,253,4033086,7.47,7.52,7.34,7.44,0.02,7.44,6,7.46,2,0.0
2912,402059,621,105850885,264.5,264.5,262.5,263.0,0.0,263.0,15,263.5,38,26.7
2913,8017668,2324,142855329,17.35,18.15,17.35,17.6,0.45,17.6,60,17.65,4,0.0
2915,952503,538,65547440,68.7,69.0,68.6,69.0,0.8,69.0,16,69.1,51,5.66
2923,143343,95,4284824,27.75,30.45,27.75,30.0,2.25,30.0,30,30.1,41,0.0
2929,197682,124,2772659,14.15,14.15,13.85,14.05,0.0,13.95,2,14.05,5,0.0
2936,154000,123,3435550,21.65,22.8,21.65,22.3,0.65,22.2,18,22.3,9,16.77
2939,100134,69,3687194,38.9,38.9,36.1,36.25,1.1,36.15,1,36.3,1,0.0
3002,351030,155,4704053,13.4,13.6,13.25,13.4,0.05,13.35,7,13.4,21,20.0
3003,8664512,5538,390736164,43.4,46.7,43.2,46.7,4.05,46.65,3,46.7,4,20.22
3004,71156,73,4055276,57.0,57.3,56.7,56.7,0.0,56.7,1,56.8,3,19.09
3005,676212,413,32396901,47.5,48.15,47.5,48.15,0.8,48.0,8,48.15,19,11.22
3006,25528342,12664,1506745642,58.5,59.9,58.1,59.9,2.0,59.8,4,59.9,245,15.64
3008,187646,1619,613346875,3270.0,3290.0,3250.0,3260.0,0.0,3260.0,6,3265.0,2,17.04
3010,325614,236,24622220,75.7,75.9,75.3,75.6,0.3,75.6,18,75.7,26,10.12
3011,370065,135,2543157,6.9,7.04,6.8,6.89,0.01,6.89,22,6.9,4,0.0
3013,2756451,1211,41565315,15.6,15.65,14.7,15.0,0.65,14.95,15,15.0,14,14.42
3014,1414884,806,96270078,68.6,68.8,67.6,67.9,0.2,67.9,34,68.0,4,13.21
3015,1255405,699,53402199,43.0,43.0,42.25,42.3,0.3,42.3,56,42.4,2,13.65
3016,3217986,2213,232004552,71.5,72.8,71.2,72.3,0.8,72.1,13,72.3,12,0.0
3017,2887590,1817,196000377,68.4,68.6,67.4,67.6,1.0,67.6,27,67.7,2,14.14
3018,393198,317,7086420,18.05,18.1,17.9,17.95,0.1,17.95,13,18.0,5,0.0
3019,2016678,1351,147082336,72.8,73.9,71.8,72.7,0.0,72.6,14,72.8,4,66.7
3021,169999,89,2561235,15.0,15.15,15.0,15.1,0.2,15.05,10,15.1,1,13.6
3022,6193665,3583,353297786,57.8,58.1,55.5,56.5,1.7,56.4,7,56.5,15,14.41
3023,586849,481,126843083,217.0,218.0,215.0,215.5,0.5,215.5,13,216.0,43,25.72
3024,1026219,347,11652023,11.45,11.55,11.25,11.35,0.1,11.3,151,11.35,57,49.35
3025,2214326,1271,88963546,41.3,41.3,39.15,40.1,0.55,40.1,3,40.15,8,36.79
3026,821197,688,94902014,116.5,117.0,115.0,115.5,0.0,115.0,89,115.5,5,18.75
3027,18802694,8350,433656362,23.75,24.5,21.9,22.0,1.25,22.0,51,22.05,74,47.83
3028,157198,107,3435133,21.9,21.9,21.8,21.9,0.05,21.85,19,21.95,7,13.19
3029,1113695,679,44230434,40.0,40.15,39.4,39.4,0.15,39.35,22,39.4,34,10.62
3030,284845,225,16253341,57.0,57.2,56.9,57.0,0.1,57.0,29,57.1,9,11.63
3031,150604,74,2195417,14.6,14.7,14.45,14.55,0.05,14.5,8,14.6,6,17.74
3032,289214,236,12384672,42.65,43.15,42.65,42.75,0.2,42.75,3,42.8,4,10.69
3033,1160820,451,22050561,19.05,19.1,18.85,19.0,0.05,19.0,60,19.05,91,12.5
3034,10957730,8731,3845932410,338.0,362.5,335.0,351.5,18.5,351.0,12,351.5,27,21.45
3035,2906949,1861,147417648,50.9,51.3,50.3,50.7,0.3,50.7,69,50.8,20,42.97
3036,487360,316,19662572,40.45,40.5,40.25,40.35,0.05,40.35,1,40.4,7,10.01
3036A,158500,51,7661880,48.25,48.35,48.25,48.35,0.0,48.3,4,48.4,16,0.0
3037,15368802,8740,1297927291,85.3,85.8,83.5,84.0,0.5,83.9,67,84.0,35,27.45
3038,1318770,499,25226327,19.2,19.25,19.05,19.1,0.05,19.1,29,19.15,24,11.94
3040,171000,133,6558350,38.6,38.75,38.15,38.15,0.3,38.1,17,38.15,67,6.32
3041,3910479,1787,123276169,31.6,31.8,31.1,31.6,0.3,31.55,41,31.6,18,0.0
3042,2840957,1627,210386049,74.3,74.9,73.5,73.8,0.3,73.7,33,73.8,9,18.04
3043,374600,128,1915757,5.3,5.3,5.03,5.1,0.29,5.08,4,5.1,17,0.0
3044,1271421,749,149546536,118.0,119.0,116.0,118.5,1.5,118.0,38,118.5,30,10.46
3045,1349927,834,133194531,98.6,99.0,98.5,98.8,0.3,98.6,2,98.8,17,22.92
3046,23365,21,362446,15.55,15.55,15.35,15.55,0.0,15.5,3,15.7,5,0.0
3047,2035693,811,28035658,13.85,14.0,13.55,13.65,0.1,13.65,47,13.7,21,23.53
3048,1020905,480,23658299,23.25,23.3,23.05,23.15,0.05,23.15,15,23.2,97,9.61
3049,6832388,1577,77400085,11.25,11.45,11.2,11.25,0.1,11.2,354,11.25,23,25.0
3050,4147402,1724,83917707,20.3,20.75,19.8,20.0,0.4,20.0,77,20.05,51,32.79
3051,1017096,286,6204355,6.2,6.25,6.0,6.09,0.09,6.08,5,6.09,10,0.0
3052,1361988,411,17880171,13.25,13.25,13.05,13.15,0.0,13.1,27,13.15,19,5.0
3054,18036,19,415176,23.4,23.4,22.95,23.15,0.1,23.1,2,23.15,2,0.0
3055,283002,180,9375850,33.5,33.65,32.6,32.75,0.5,32.7,1,32.75,8,81.88
3056,689454,365,27057241,39.2,39.35,39.1,39.3,0.1,39.25,2,39.3,63,31.95
3057,281486,205,3078926,10.95,11.05,10.85,10.9,0.05,10.9,37,10.95,2,0.0
3058,14451896,3970,147521056,10.15,10.65,9.98,10.05,0.1,10.05,4,10.1,29,0.0
3059,9344390,4990,321481619,34.1,34.8,33.75,34.7,0.95,34.65,23,34.7,196,75.43
3060,6395429,2752,99095499,14.9,15.95,14.9,15.8,1.0,15.75,22,15.8,99,0.0
3062,11415230,4435,209361126,17.95,18.8,17.85,18.25,0.4,18.2,112,18.25,75,0.0
3090,1573551,1111,79297610,50.8,51.2,49.85,50.2,0.5,50.1,22,50.2,7,16.25
3094,670268,349,15103219,22.75,22.9,22.35,22.4,0.05,22.4,3,22.5,1,44.8
3130,1201,5,184061,153.5,153.5,153.5,153.5,1.0,152.5,1,155.0,1,19.96
3138,1973277,1707,284485151,144.0,149.0,139.0,144.0,0.5,143.5,14,145.0,24,67.61
3149,20797660,6772,389824939,17.9,19.65,17.1,19.65,1.75,19.65,351,,0,0.0
3164,92685,220,2048955,22.15,22.2,22.05,22.1,0.05,22.05,6,22.1,4,38.77
3167,55600,38,2568889,46.2,46.55,45.9,46.15,0.05,46.1,1,46.15,5,20.98
3189,3322032,2524,271487249,82.8,83.2,80.8,81.4,1.1,81.4,80,81.5,22,96.9
3209,2292385,1035,53689814,23.1,23.75,23.05,23.75,0.7,23.7,32,23.75,71,10.24
3229,85108,28,458533,5.3,5.45,5.3,5.45,0.2,5.44,3,5.45,2,0.0
3231,7753575,3697,238038219,30.7,30.85,30.55,30.55,0.1,30.55,264,30.6,32,9.26
3257,2559246,1758,217417456,84.3,86.4,84.0,84.5,0.3,84.5,41,84.6,1,32.01
3266,140010,43,2066249,14.8,14.95,14.65,14.9,0.1,14.85,2,14.9,17,34.65
3296,60260,28,986382,16.5,16.55,16.2,16.45,0.05,16.4,5,16.45,16,274.17
3305,629558,349,18251979,29.65,29.7,28.5,28.95,0.25,28.85,16,28.95,13,28.66
3308,23411,39,170784,7.3,7.4,7.21,7.21,0.21,7.2,2,7.21,1,0.0
3311,96438,100,3276189,34.9,34.9,33.75,33.85,0.05,33.8,2,33.85,12,0.0
3312,277176,126,3966064,14.4,14.4,14.2,14.35,0.05,14.3,60,14.35,4,12.37
3321,2008453,981,28211286,14.0,14.25,13.9,14.05,0.0,14.0,21,14.05,22,0.0
3338,426202,334,27598945,65.3,65.3,64.3,64.7,0.2,64.7,1,64.8,9,21.42
3346,21095685,10053,958990634,42.2,46.35,41.85,46.35,4.2,46.35,1201,,0,0.0
3356,10126786,5477,345552438,33.7,35.15,33.2,33.8,1.55,33.8,33,33.95,2,75.11
3376,747849,547,100596843,134.0,135.5,133.5,134.5,1.0,134.0,25,134.5,19,16.52
3380,14715403,7262,464322176,30.65,32.3,30.6,32.1,1.85,32.05,40,32.1,3,44.58
3383,27770,19,101867,3.66,3.74,3.66,3.7,0.04,3.67,3,3.7,3,0.0
3406,1774413,1725,1004514169,568.0,573.0,560.0,569.0,5.0,568.0,2,569.0,15,20.76
3413,469127,436,97795636,209.5,211.5,206.5,207.5,1.5,207.5,10,208.0,17,13.95
3416,109001,58,7905672,73.4,73.4,72.1,72.7,0.1,72.7,7,72.8,3,21.9
3419,3712287,1611,76507253,20.5,20.95,20.3,20.9,0.35,20.9,4,20.95,122,95.0
3432,149005,63,1958965,13.15,13.2,13.1,13.15,0.05,13.1,39,13.15,2,37.57
3437,4007382,1638,102939999,25.6,26.1,25.2,25.5,0.25,25.5,178,25.55,1,0.0
3443,2023166,1769,643917876,315.0,321.5,314.5,319.0,5.5,319.0,1,319.5,25,82.64
3450,1982814,1400,138862182,69.7,70.7,69.4,69.7,1.0,69.7,14,69.8,46,42.5
3454,433379,388,39164902,91.0,91.9,89.5,89.6,0.1,89.6,10,89.8,2,37.02
3481,215046150,31595,3096004282,14.25,14.6,14.25,14.35,0.3,14.35,4080,14.4,4628,0.0
3494,900968,215,4429131,5.0,5.01,4.88,4.9,0.07,4.9,2,4.92,10,0.0
3501,83655,70,4134074,49.35,49.6,49.15,49.45,0.1,49.4,2,49.45,1,12.74
3504,180200,134,10484960,59.0,59.0,57.6,58.0,0.4,58.0,4,58.5,12,0.0
3515,311123,261,48943375,156.5,159.0,156.0,158.0,1.5,157.5,125,158.0,4,15.88
3518,62303,58,2052447,33.0,33.5,32.65,32.8,0.0,32.75,3,32.8,11,0.0
3528,39476,39,1667526,42.5,42.5,42.15,42.5,0.0,42.35,1,42.5,2,12.76
3530,6885139,4844,870810213,120.5,130.5,119.5,126.0,6.5,126.0,43,126.5,35,47.19
3532,1069000,928,142779319,136.0,136.5,132.0,132.5,2.5,132.5,14,133.0,2,43.3
3533,338960,352,160167243,475.0,476.0,469.0,472.0,2.5,472.0,39,473.0,5,18.17
3535,941540,329,19099506,20.45,20.55,20.1,20.1,0.1,20.1,23,20.15,50,0.0
3536,79267,27,343740,4.3,4.44,4.24,4.3,0.12,4.24,1,4.3,25,0.0
3543,403000,133,11437200,27.95,28.65,27.95,28.3,0.5,28.25,11,28.3,5,64.32
3545,21183827,12954,1902027337,89.0,91.5,87.5,91.5,4.0,91.5,20,91.6,73,37.81
3550,846736,371,12882872,15.05,15.4,14.9,15.3,0.4,15.3,32,15.35,19,20.13
3557,257064,183,26543087,103.5,104.5,102.5,102.5,0.0,102.5,25,103.0,2,10.56
3563,109822,124,31546082,287.0,288.5,285.5,288.0,2.5,287.0,1,288.0,3,21.24
3576,22353124,6390,317719332,14.4,14.45,14.05,14.05,0.25,14.05,332,14.1,309,0.0
3583,1384333,957,86158245,63.3,63.6,61.7,61.8,1.4,61.8,37,61.9,1,20.81
3588,2498257,1819,152377118,61.0,62.5,59.6,60.0,0.7,60.0,15,60.2,6,62.5
3591,229558,124,3496673,15.2,15.4,15.0,15.15,0.0,15.15,20,15.2,1,0.0
3593,69577,56,852555,12.15,12.4,12.1,12.4,0.05,12.2,14,12.4,5,1240.0
3596,717598,537,67535091,94.4,94.8,93.5,94.2,0.0,94.2,24,94.3,9,13.5
3605,7861526,4264,311043834,39.2,40.4,38.75,39.5,0.5,39.5,64,39.55,82,16.39
3607,510200,265,7618406,14.9,15.25,14.75,14.85,0.0,14.85,2,14.9,2,0.0
3617,121010,81,10664380,88.0,88.4,87.8,88.3,0.7,88.1,3,88.3,8,26.2
3622,6277643,3536,226173016,36.4,37.0,35.0,35.45,1.1,35.3,2,35.45,4,29.54
3645,756438,464,41580150,55.2,55.7,54.1,54.1,0.7,54.1,18,54.2,1,25.16
3653,582613,560,149887948,257.0,260.0,253.5,259.0,5.0,258.5,1,259.0,10,33.99
3661,2085229,1920,1281594626,622.0,623.0,607.0,609.0,8.0,609.0,59,610.0,2,50.88
3665,1240105,1063,302522401,244.0,246.0,242.5,246.0,5.5,245.5,5,246.0,47,18.55
3669,1646277,1186,132448571,80.5,81.6,79.5,80.0,1.3,79.8,3,80.0,19,12.4
3673,2013920,1186,93371238,46.2,46.65,46.0,46.45,0.8,46.4,12,46.45,46,27.32
3679,229310,164,25950935,113.5,114.0,112.0,113.0,0.5,113.0,3,113.5,1,11.52
3682,18857749,4782,191463753,9.95,10.4,9.94,10.1,0.18,10.1,16,10.15,261,0.0
3686,1955780,1076,36036463,18.5,18.9,18.15,18.15,0.5,18.15,53,18.25,2,0.0
3694,1281247,502,35989104,27.95,28.5,27.6,27.75,0.1,27.7,28,27.75,15,16.04
3701,9262,30,125509,13.45,13.65,13.45,13.65,0.2,13.55,2,13.65,1,0.0
3702,2722001,1512,115532179,42.3,42.55,42.3,42.55,0.25,42.5,35,42.55,111,10.28
3702A,58263,28,2912812,50.0,50.0,50.0,50.0,0.0,50.0,25,50.1,26,0.0
3703,2203666,946,45550681,20.75,20.9,20.5,20.65,0.15,20.65,166,20.7,55,17.35
3704,33188888,12749,1216993010,36.25,37.45,36.15,36.65,0.4,36.65,97,36.7,70,76.35
3705,183541,105,8199161,44.6,44.8,44.6,44.6,0.0,44.6,20,44.65,7,14.16
3706,3349176,1646,98365906,29.4,29.5,29.25,29.3,0.1,29.3,77,29.35,117,11.81
3708,1584632,1264,238639325,152.0,152.0,149.0,149.0,0.5,149.0,21,149.5,8,15.6
3711,35679482,17129,2909616374,81.3,83.0,80.6,80.9,0.4,80.9,44,81.0,178,14.42
3712,865315,508,29030027,34.05,34.1,33.15,33.35,0.15,33.35,11,33.45,14,0.0
4104,168633,104,9495616,56.3,56.5,56.1,56.2,0.1,56.2,2,56.4,10,14.56
4106,254415,211,7322215,29.15,29.15,28.6,28.6,0.4,28.6,10,28.7,4,26.24
4108,450575,263,10983927,24.8,24.8,24.2,24.2,0.3,24.2,25,24.3,15,0.0
4119,46628013,27971,3653347890,73.8,85.4,73.8,84.2,2.3,84.2,46,84.3,50,9.19
4133,886112,721,51198283,58.5,58.6,57.5,57.7,0.6,57.6,26,57.7,4,120.21
4137,209765,176,41622086,195.5,201.0,195.5,197.5,2.0,197.0,7,197.5,2,15.43
4141,233878,178,2789317,12.0,12.05,11.9,12.0,0.05,11.95,4,12.05,16,0.0
4142,7349184,4298,417550980,56.3,57.5,56.3,56.5,1.6,56.5,332,56.6,80,0.0
4148,27078,27,1040490,38.3,38.6,38.3,38.6,0.4,38.5,1,38.65,7,51.47
4155,271646,157,7351831,27.1,27.15,27.0,27.05,0.05,27.05,27,27.1,17,19.89
4164,199484,123,7637625,38.35,38.65,38.2,38.2,0.1,38.2,7,38.3,12,14.52
4190,81503,71,7773405,95.2,96.0,94.8,95.6,0.2,95.6,3,95.9,1,20.56
4306,2072970,689,33729948,16.25,16.4,16.15,16.15,0.1,16.15,275,16.2,46,12.82
4414,1872916,654,21262450,11.4,11.55,11.25,11.25,0.15,11.25,97,11.3,217,0.0
4426,187222,140,5359191,28.75,28.8,28.5,28.7,0.05,28.65,3,28.7,2,0.0
4438,93083,68,9615155,103.5,104.0,103.0,103.0,0.5,103.0,6,103.5,14,22.06
4439,30000,28,4413500,149.5,149.5,146.0,146.5,3.0,146.5,1,147.5,1,12.58
4526,681051,337,10512718,15.55,15.7,15.3,15.35,0.1,15.35,10,15.4,9,0.0
4532,513695,178,10543796,20.5,20.65,20.45,20.45,0.05,20.4,73,20.45,11,15.61
4536,172000,126,26339500,152.0,154.5,152.0,153.5,2.0,153.5,6,154.0,7,22.34
4540,1678560,1213,94462944,56.7,58.0,55.5,55.6,2.0,55.5,38,55.7,1,370.67
4545,128000,79,3912250,30.9,30.95,30.3,30.3,0.35,30.25,5,30.55,11,144.29
4551,428270,380,73013540,172.0,173.0,168.5,169.0,2.5,169.0,6,169.5,21,33.6
4552,69969,66,2417248,34.8,34.8,34.2,34.55,0.1,34.5,6,34.55,2,14.34
4555,77000,56,3867950,50.5,51.5,49.55,49.9,0.6,49.65,1,49.9,1,29.53
4557,18004,14,1132451,63.0,63.0,62.4,62.8,0.2,62.6,2,62.8,1,16.48
4560,201450,65,8710685,43.35,43.4,43.15,43.3,0.0,43.3,10,43.35,2,20.82
4562,46000,19,806400,17.7,17.7,17.5,17.55,0.1,17.5,2,17.55,5,0.0
4564,165100,101,4852880,29.35,29.5,29.25,29.5,0.1,29.5,2,29.55,17,21.07
4566,1303044,777,65676405,49.05,51.7,49.05,51.5,2.0,51.5,7,51.6,11,37.05
4571,41050,28,2965210,72.6,72.8,71.8,71.9,0.6,71.9,3,72.4,8,14.64
4572,26235,26,2131745,81.6,81.8,81.0,81.4,0.0,81.4,1,81.6,1,43.76
4576,424491,360,38974074,93.2,93.3,90.7,92.1,0.3,91.6,1,92.1,9,133.48
4581,53000,28,1956550,37.1,37.1,36.6,36.75,0.35,36.75,1,37.05,1,16.78
4720,573768,241,8795160,15.45,15.55,15.25,15.3,0.15,15.3,8,15.35,9,26.84
4722,217766,120,6664182,31.1,31.1,30.45,30.6,0.2,30.55,1,30.6,8,12.09
4725,80055,93,1433046,17.95,17.95,17.9,17.9,0.05,17.9,334,17.95,126,0.0
4737,27000,19,1767500,66.3,66.3,64.6,65.5,0.7,65.4,1,65.6,1,53.69
4739,6554142,3563,442553576,63.3,68.9,62.7,68.9,6.2,68.9,12255,,0,49.93
4746,397611,262,18557448,47.0,47.1,46.5,46.6,0.3,46.6,12,46.65,4,10.96
4755,145032,90,9556372,65.7,66.0,65.6,65.8,0.1,65.7,8,65.8,1,15.3
4763,160903,127,19770194,123.5,125.5,122.0,122.0,1.0,122.0,30,123.0,24,14.97
4764,16000,16,1039100,67.4,67.4,63.5,65.1,0.1,64.5,5,65.3,1,103.33
4766,69211,67,10839682,158.0,158.0,156.0,157.0,1.0,156.5,1,157.0,2,15.67
4807,22019,20,615386,27.9,28.0,27.85,27.95,0.05,27.95,1,28.0,1,9.91
4904,1803039,1197,109588040,60.7,61.0,60.7,60.8,0.1,60.8,6,60.9,15,23.03
4906,3515117,1263,104061116,29.45,29.8,29.4,29.65,0.3,29.6,7,29.65,12,9.01
4912,36798,38,3972985,109.0,109.0,107.5,108.0,0.5,107.5,20,108.0,2,13.0
4915,1665183,927,78477599,47.4,47.55,46.8,46.9,0.2,46.9,44,46.95,1,9.81
4916,759329,428,19342246,24.5,26.0,24.5,25.95,1.45,25.95,6,26.0,6,0.0
4919,5594801,3541,259497765,46.6,47.1,45.9,46.4,0.35,46.3,27,46.4,6,21.09
4927,3199573,2062,220653561,70.2,70.5,68.2,68.8,1.4,68.8,12,68.9,9,12.6
4930,564960,341,11322677,20.15,20.35,19.9,20.15,0.15,20.15,19,20.2,18,14.5
4934,1466831,812,41283616,28.5,28.65,27.9,27.9,0.3,27.9,135,27.95,1,0.0
4935,901120,566,100649460,112.5,112.5,111.0,111.0,0.5,111.0,270,112.0,17,13.77
4938,7308131,4038,494823456,67.1,68.4,67.0,67.8,1.0,67.7,46,67.8,58,7.48
4942,153000,93,5782600,37.7,37.95,37.65,37.7,0.05,37.7,10,37.75,1,8.55
4943,939884,823,82268898,86.5,88.7,85.9,87.5,1.9,87.5,13,87.6,45,118.24
4952,940899,605,37773862,40.8,41.0,39.75,40.0,0.7,40.0,22,40.1,1,19.32
4956,1071410,471,20995223,19.7,20.0,19.3,19.35,0.25,19.35,1,19.4,2,0.0
4958,2845057,1969,335256023,118.5,119.5,116.5,117.0,0.5,117.0,86,117.5,58,14.15
4960,9071140,2428,104970085,11.55,11.75,11.35,11.45,0.0,11.45,99,11.5,286,0.0
4961,2359757,1202,243430776,103.5,105.0,100.5,103.0,4.6,102.5,22,103.0,106,62.42
4967,18272894,8936,776074499,41.6,43.45,41.55,42.95,2.05,42.9,24,42.95,59,33.55
4968,9702155,7911,3606128536,359.0,385.0,356.0,375.0,17.0,375.0,48,375.5,8,40.72
4976,39734633,22267,2728383484,66.1,70.5,65.7,70.5,6.4,70.5,354,,0,0.0
4977,590838,535,68369349,117.0,117.5,114.5,115.0,1.5,115.0,15,115.5,1,17.11
4989,2449768,1302,59411165,24.4,25.0,23.7,24.15,0.25,24.1,18,24.15,6,345.0
4994,37000,35,2532400,69.6,69.6,67.6,67.7,0.8,67.7,1,68.5,10,18.2
4999,82204,60,3842003,46.65,46.9,46.65,46.75,0.1,46.65,1,46.75,5,10.58
5007,98203,66,4992682,50.9,51.0,50.6,50.9,0.0,50.7,1,50.9,11,26.24
5203,117188,123,11627275,99.4,99.7,98.9,99.0,0.2,99.0,3,99.1,3,30.18
5215,403494,304,52869602,132.5,132.5,130.0,130.5,1.0,130.5,13,131.0,2,13.58
5225,72000,31,1895350,26.3,26.5,26.05,26.15,0.05,26.15,2,26.3,1,0.0
5234,100705,88,8442484,83.9,84.1,83.4,83.6,0.4,83.7,1,83.8,7,13.08
5243,33941832,18452,1949267857,55.5,59.2,55.0,59.0,5.0,58.9,15,59.0,34,22.61
5258,128075,61,2813707,21.85,22.05,21.85,21.95,0.1,21.9,3,21.95,2,6.13
5264,143134,102,12494779,87.5,87.5,87.2,87.3,0.2,87.3,42,87.4,84,143.11
5269,336266,471,532333040,1605.0,1610.0,1565.0,1570.0,15.0,1565.0,17,1575.0,2,44.63
5283,343002,238,39997199,115.5,117.5,115.5,116.5,1.5,116.5,8,117.0,5,9.32
5284,11000,10,386050,35.05,35.4,34.9,35.35,0.3,34.95,2,35.35,1,16.52
5285,5947248,2477,413064138,64.0,70.1,64.0,70.1,6.3,70.1,281,,0,80.57
5288,32000,24,3432000,107.0,107.5,107.0,107.0,0.5,107.0,2,107.5,3,14.54
5388,533986,384,41631544,78.0,78.4,77.5,77.8,0.3,77.8,39,77.9,6,20.31
5434,260387,227,30913678,119.0,119.0,118.0,119.0,0.0,118.5,10,119.0,41,11.25
5469,3084838,1451,134057491,43.55,43.75,43.2,43.5,0.05,43.45,98,43.5,20,7.91
5471,1690298,1031,109969496,65.2,65.7,64.5,64.7,0.3,64.7,95,64.8,6,12.79
5484,273118,75,3926844,14.5,14.6,14.25,14.45,0.25,14.3,2,14.5,7,0.0
5515,273806,109,3544704,12.95,13.0,12.9,12.95,0.0,12.9,85,12.95,13,10.88
5519,422855,162,6431161,15.2,15.3,15.15,15.3,0.1,15.2,29,15.3,63,9.81
5521,1701290,490,17779643,10.45,10.55,10.4,10.45,0.05,10.45,80,10.5,471,3.4
5522,3193222,1869,179900300,55.5,57.0,55.3,57.0,1.9,56.9,13,57.0,178,13.97
5525,37669,28,820706,21.85,21.85,21.75,21.85,0.0,21.8,1,21.85,8,50.81
5531,3806213,1500,57972161,15.2,15.5,15.0,15.1,0.2,15.1,72,15.15,17,37.75
5533,81207,17,1304412,16.05,16.15,16.05,16.15,0.1,16.1,4,16.15,17,47.5
5534,197177,191,15883241,80.8,80.8,80.4,80.7,0.1,80.7,3,80.8,41,9.49
5538,27000,22,1010450,37.45,38.0,37.0,38.0,0.55,37.5,1,37.7,4,13.97
5546,392570,194,30899687,79.6,80.0,78.1,78.7,0.7,78.7,7,78.8,5,11.59
5607,733354,379,21327791,29.2,29.45,28.85,28.95,0.05,28.9,56,28.95,13,19.97
5608,13250893,5570,171512097,13.0,13.3,12.7,13.2,0.8,13.2,146,13.25,71,0.0
5706,80415,77,2522681,31.05,31.5,31.05,31.35,0.3,31.35,6,31.4,31,53.14
5871,1092038,700,175694052,161.5,162.5,159.5,160.0,0.5,160.0,4,160.5,13,14.97
5871A,52430,63,5198170,99.0,99.2,99.0,99.2,0.1,99.2,4,99.3,17,0.0
5876,1242367,554,49284773,39.7,39.85,39.55,39.6,0.05,39.6,114,39.65,51,12.94
5880,3609212,1541,71910067,19.9,19.95,19.85,19.95,0.1,19.9,959,19.95,125,16.35
5906,18557,24,906713,50.0,50.0,48.5,49.9,0.9,48.65,1,49.95,1,0.0
5907,62000,46,1317300,21.5,21.5,21.05,21.15,0.35,21.15,2,21.2,7,528.75
6005,7287100,1114,94865125,12.95,13.1,12.95,13.05,0.05,13.05,17,13.1,549,9.46
6024,87720,75,3322440,37.85,37.95,37.75,37.95,0.1,37.9,1,37.95,3,12.69
6108,308025,162,6257919,20.4,20.45,20.25,20.25,0.1,20.2,50,20.25,5,0.0
6112,533057,421,23323561,43.65,43.85,43.65,43.8,0.15,43.8,6,43.85,68,16.28
6115,67624,55,2826243,41.75,41.85,41.75,41.8,0.05,41.75,25,41.85,22,17.64
6116,87853825,14285,1131790135,12.75,13.05,12.65,12.8,0.2,12.8,861,12.85,1288,35.56
6117,2056,4,34579,16.75,16.9,16.75,16.9,0.15,16.5,2,16.85,4,0.0
6120,1909152,709,26917433,14.15,14.4,13.9,14.1,0.05,14.05,43,14.1,12,0.0
6128,308000,124,8654650,27.95,28.45,27.95,28.0,0.2,28.0,29,28.05,2,22.4
6133,322102,147,2961645,9.14,9.28,9.12,9.16,0.11,9.13,67,9.15,35,458.0
6136,74554,47,1293392,17.4,17.4,17.25,17.35,0.05,17.35,11,17.4,14,36.15
6139,898628,468,25452461,27.9,28.55,27.9,28.4,0.65,28.4,1,28.45,40,19.32
6141,691595,326,20008836,28.95,29.15,28.6,28.85,0.05,28.85,3,28.9,25,6.29
6142,456796,202,4217353,9.27,9.39,9.15,9.15,0.12,9.15,14,9.29,7,0.0
6152,1012922,380,13104082,13.05,13.2,12.85,13.0,0.05,12.95,36,13.0,8,68.42
6153,3916916,2070,139761286,35.7,36.0,35.35,35.85,0.4,35.8,50,35.85,56,48.45
6155,440847,295,11556642,26.5,26.8,25.9,26.0,0.25,26.0,3,26.1,3,136.84
6164,14389626,4278,151442596,10.75,10.75,10.05,10.75,0.95,10.75,433,,0,0.0
6165,1206941,848,53772781,45.0,45.8,43.8,44.0,1.3,44.0,12,44.05,4,293.33
6166,137835,112,8954025,65.0,65.5,64.5,64.6,0.4,64.5,9,64.9,1,47.85
6168,777247,298,12039363,15.7,15.7,15.35,15.4,0.15,15.4,20,15.45,25,42.78
6172,27259,11,806640,29.65,29.8,29.5,29.8,0.2,29.6,10,29.9,1,0.0
6176,1612653,1169,185255691,114.5,115.5,114.0,114.5,0.5,114.5,43,115.0,144,11.25
6177,302664,195,9234599,30.6,30.9,30.4,30.4,0.15,30.35,11,30.4,40,40.53
6183,93302,81,4434641,47.65,47.75,47.35,47.5,0.2,47.4,3,47.5,5,21.3
6184,98390,64,4178517,42.55,42.6,42.4,42.45,0.1,42.4,3,42.5,5,12.27
6189,77293,73,2715761,35.3,35.3,35.1,35.1,0.1,35.1,7,35.15,3,12.9
6191,8539702,3391,215511218,25.4,25.55,24.95,25.1,0.15,25.1,175,25.15,13,9.03
6192,74920,72,5045335,67.2,67.9,67.0,67.3,0.4,67.3,1,67.4,4,11.31
6196,836153,669,92335766,111.5,111.5,109.0,110.5,1.0,110.0,9,110.5,20,23.61
6197,952361,619,35253552,36.5,37.3,36.5,37.3,0.8,37.25,6,37.3,71,18.74
6201,47000,33,1766150,37.55,37.8,37.5,37.5,0.05,37.5,1,37.7,1,13.99
6202,510003,383,36546905,71.9,72.1,71.3,71.5,0.1,71.5,41,71.6,10,17.83
6205,1158017,558,54730204,46.75,47.8,46.75,47.65,0.95,47.6,2,47.65,37,26.77
6206,149291,116,9162579,60.8,61.7,60.8,61.2,0.6,61.1,8,61.3,26,13.66
6209,2501474,1382,84166216,34.1,34.75,32.8,33.05,1.05,33.05,56,33.15,10,0.0
6213,2194209,1622,309983568,143.5,144.0,139.5,141.0,0.5,140.5,10,141.0,140,18.38
6214,727085,624,63972638,87.8,88.6,87.1,87.9,1.2,87.8,8,87.9,1,10.24
6215,1229444,527,20744037,16.5,17.2,16.45,16.8,0.3,16.8,4,16.85,4,16.0
6216,52606,56,1358876,25.75,25.85,25.75,25.85,0.05,25.85,8,25.9,10,20.2
6224,825167,702,77153158,91.4,94.6,91.4,93.5,2.2,93.4,3,93.6,16,19.48
6225,35236,19,128435,3.85,3.85,3.54,3.6,0.25,3.55,1,3.6,16,0.0
6226,2003213,825,20938500,10.65,10.65,10.35,10.35,0.1,10.35,36,10.4,5,12.18
6230,251395,239,53250585,213.0,216.0,210.0,210.0,3.0,210.0,58,210.5,6,27.17
6235,14807269,4263,275936396,17.25,18.9,17.25,18.9,1.7,18.9,16725,,0,5.58
6239,1642837,1203,155538171,95.0,95.4,94.1,94.4,0.5,94.4,9,94.5,11,10.31
6243,519346,263,6771638,13.05,13.3,12.9,12.9,0.05,12.9,8,13.0,28,0.0
6251,4261348,1644,81132104,19.0,19.2,18.9,18.9,0.1,18.9,36,18.95,5,7.88
6257,7210115,3573,332182489,46.45,46.45,45.75,45.9,0.0,45.9,83,45.95,76,11.11
6269,1702270,1226,204189962,121.0,121.5,118.5,119.5,0.0,119.5,13,120.0,77,13.19
6271,2015187,1604,369795589,185.0,186.0,181.5,181.5,2.5,181.5,29,182.5,76,26.89
6277,59167,56,4975963,84.2,84.4,84.0,84.1,0.2,84.0,17,84.2,8,6.09
6278,2192952,1625,272007336,125.5,126.0,122.5,123.0,1.0,122.5,134,123.0,3,17.3
6281,37280,23,2679760,71.9,72.0,71.7,71.8,0.1,71.7,3,71.8,1,12.75
6282,4807816,2596,138807718,29.0,29.25,28.7,28.85,0.2,28.85,27,28.9,17,10.34
6283,35348481,18664,1558185047,44.75,46.65,41.4,41.85,1.95,41.85,70,41.9,15,0.0
6285,2672169,1818,207758448,77.8,78.7,76.7,77.0,0.3,76.9,40,77.0,50,21.81
6288,3196606,1513,102849006,31.9,32.55,31.8,32.3,0.6,32.3,15,32.35,46,34.36
6289,26870,31,90073,3.34,3.37,3.34,3.36,0.14,3.35,14,3.37,31,0.0
6405,210000,141,4485400,21.45,22.05,20.95,21.2,0.25,21.05,1,21.2,4,11.71
6409,43888,103,44628058,1015.0,1025.0,1000.0,1025.0,15.0,1000.0,2,1025.0,9,39.64
6412,288906,246,20212119,70.6,70.8,69.4,69.6,0.6,69.6,11,69.7,2,13.89
6414,1248734,1105,318322815,255.5,257.5,252.0,253.5,1.0,253.5,9,254.0,1,20.73
6415,165706,225,391678385,2395.0,2410.0,2335.0,2335.0,15.0,2335.0,7,2345.0,17,75.03
6416,327380,271,40266105,122.0,124.0,122.0,123.0,1.0,123.0,10,123.5,14,24.21
6431,394003,151,11705637,29.4,30.2,29.3,29.4,0.1,29.4,26,30.15,1,0.0
6442,7050,8,208120,29.5,29.7,29.45,29.7,0.2,29.5,1,29.7,1,0.0
6443,20850233,12134,873844362,42.5,42.9,41.05,41.25,1.0,41.25,249,41.3,14,0.0
6449,2034718,1401,113172515,54.6,56.5,54.4,55.4,0.8,55.4,9,55.5,11,19.37
6451,5574595,3884,706706074,126.5,129.0,124.0,128.5,2.5,128.0,49,128.5,23,20.3
6456,1427715,982,162995862,113.5,115.0,113.5,114.0,1.0,114.0,49,114.5,97,10.63
6464,38040,34,4303000,113.0,113.5,112.5,112.5,0.0,113.0,1,113.5,23,13.46
6477,38929336,21430,2871018241,73.4,76.3,70.2,70.3,2.3,70.3,33,70.4,2,27.25
6491,814828,746,233468870,293.0,294.0,283.5,286.0,5.0,286.0,8,286.5,9,32.72
6504,277198,272,51759746,186.0,188.0,186.0,186.5,2.5,186.5,24,187.0,4,11.42
6505,1664233,861,156774584,94.5,94.8,93.5,94.2,0.3,94.1,204,94.2,77,209.33
6525,1384493,871,90759667,63.9,66.6,63.7,65.7,2.0,65.7,5,65.8,2,12.88
6531,2477127,2183,996020989,395.5,407.5,392.0,405.0,12.0,404.5,1,405.0,11,113.45
6533,6853405,4714,1967206501,270.5,293.5,268.0,293.5,26.5,293.5,1693,,0,0.0
6541,1005694,641,37185075,37.2,37.2,36.9,36.9,0.25,36.9,42,36.95,15,0.0
6552,138204,129,7125833,51.5,51.9,51.2,51.2,0.2,51.2,1,51.3,4,20.9
6558,3787195,2389,202252442,53.5,54.5,52.5,52.8,1.3,52.8,34,52.9,4,117.33
6573,181249,108,2718571,15.1,15.2,14.9,14.95,0.15,14.9,9,14.95,7,0.0
6579,21085,19,1586757,75.9,75.9,74.8,74.8,0.3,74.8,1,75.3,1,24.61
6581,96349,70,7451996,77.8,78.0,76.9,77.1,0.5,77.0,7,77.3,5,41.68
6582,1191993,1059,177769148,155.5,155.5,146.0,146.0,7.0,146.0,34,146.5,17,14.66
6591,356727,261,22181778,62.9,63.3,61.5,61.9,0.6,61.9,8,62.0,19,16.16
6592,2128550,399,169731102,79.6,80.3,79.4,80.2,0.8,80.2,9,80.3,28,17.21
6598,183970,170,10828259,59.1,59.3,58.5,59.0,0.1,58.7,20,59.3,1,0.0
6605,2453796,1238,142805929,54.2,58.8,54.2,58.8,5.3,58.8,435,,0,22.7
6625,17741,24,571761,32.4,32.4,32.05,32.3,0.1,32.2,1,32.5,2,0.0
6641,12030,13,758202,63.3,63.3,62.9,62.9,0.7,62.9,5,63.2,1,10.96
6655,18052,10,878727,48.65,49.15,48.6,48.95,0.3,48.75,1,49.15,1,14.53
6666,30276,34,3054052,101.5,102.5,100.0,100.5,1.5,100.5,6,101.5,4,27.09
6668,221050,161,12002875,53.8,55.0,53.6,53.8,0.4,53.7,3,53.8,8,48.47
6669,333221,417,232535221,702.0,705.0,692.0,693.0,7.0,692.0,24,694.0,2,15.48
6670,60998,53,10578257,174.5,174.5,173.0,173.0,0.5,173.0,7,173.5,5,16.51
6671,36000,23,1406100,39.5,39.5,38.95,39.05,0.1,39.05,9,39.1,2,10.58
6672,276096,173,18771600,68.4,68.8,67.7,67.7,0.1,67.7,20,67.8,1,11.86
6674,56100,36,1776770,31.35,32.0,31.35,31.9,0.6,31.8,1,31.9,2,96.67
6698,253204,132,10083707,40.7,40.7,39.3,39.5,0.45,39.5,5,39.65,1,3950.0
6706,751275,530,118699431,157.0,159.5,156.5,158.5,0.5,158.0,22,159.0,31,48.62
6715,90020,72,11458540,130.0,130.0,127.0,127.0,1.0,127.0,7,127.5,3,30.83
6743,3654117,2674,520626022,138.5,147.5,136.5,146.5,12.0,146.0,18,146.5,5,59.07
6754,16001,12,659391,41.7,41.7,41.0,41.05,0.55,41.05,1,41.4,1,14.71
6756,1710264,1752,458150944,270.0,275.5,257.0,262.0,7.0,261.5,7,262.0,11,53.36
8011,3614087,1654,83645391,23.2,23.7,22.8,23.2,0.2,23.2,16,23.25,7,386.67
8016,2509804,1714,401891658,162.0,162.0,158.5,159.0,1.0,159.0,17,159.5,39,15.85
8021,1165644,584,31690493,27.05,27.4,27.05,27.25,0.2,27.2,9,27.25,11,18.41
8028,2676369,1781,153478062,57.9,58.6,56.7,56.9,0.9,56.9,16,57.0,10,50.35
8033,6406336,2368,92074121,14.0,14.75,13.95,14.6,0.8,14.55,25,14.6,6,0.0
8039,1390486,937,76608478,55.1,55.7,54.6,54.9,0.2,54.9,19,55.0,4,15.82
8046,10335095,7503,1757406375,172.5,174.5,168.0,168.5,3.0,168.5,321,169.0,57,41.5
8070,4566415,2002,139884429,30.4,30.95,30.3,30.3,0.2,30.3,33,30.35,17,19.68
8072,108522,75,3094875,28.9,29.0,28.3,28.35,0.1,28.35,2,28.4,8,0.0
8081,171160,170,27289904,160.0,160.5,158.5,158.5,0.5,158.5,3,159.0,4,14.15
8101,184994,68,748583,4.02,4.06,4.0,4.06,0.02,4.06,15,4.1,7,0.0
8103,8174090,4313,294983566,35.75,36.55,35.3,36.25,1.0,36.2,17,36.25,23,14.62
8104,417635,309,21918342,52.0,53.4,52.0,52.4,0.6,52.3,11,52.4,3,27.15
8105,1965337,696,23625927,12.15,12.2,11.75,11.85,0.15,11.85,1,11.9,7,0.0
8110,13559696,3460,191153526,14.25,14.35,13.75,14.05,0.05,14.05,92,14.1,299,21.62
8112,1987562,1073,68719013,34.65,34.7,34.5,34.5,0.05,34.5,56,34.55,12,9.22
8114,39631,37,3120239,78.7,78.9,78.6,78.7,0.0,78.8,1,78.9,2,34.98
8131,253265,146,9511917,37.6,37.85,37.3,37.45,0.05,37.4,17,37.45,8,11.89
8150,7401378,3667,255087109,34.8,34.8,34.2,34.4,0.35,34.4,92,34.45,49,11.32
8163,1250890,680,53867790,43.2,43.5,42.85,43.0,0.15,43.0,55,43.05,2,13.96
8201,26086,18,251245,9.67,9.67,9.48,9.6,0.11,9.6,7,9.64,10,0.0
8210,135200,104,11071500,82.3,82.3,81.6,81.8,0.2,81.6,2,81.8,8,10.71
8213,1329473,641,59062061,44.5,44.7,44.0,44.2,0.1,44.2,11,44.25,6,6.43
8215,2769636,1285,75072151,27.05,27.5,26.8,27.0,0.05,27.0,111,27.05,7,33.75
8222,228996,182,3089668,13.35,13.65,13.35,13.45,0.1,13.45,2,13.5,9,0.0
8249,197143,113,3920334,19.8,19.95,19.8,19.85,0.05,19.85,23,19.9,9,18.73
8261,35337743,19368,1891174191,51.4,55.0,51.3,53.0,2.1,53.0,73,53.1,25,32.12
8271,507178,360,19991063,39.35,39.7,39.2,39.35,0.1,39.3,8,39.4,7,11.82
8341,105614,389,24434472,232.0,232.5,230.5,231.0,2.5,230.5,9,231.0,2,26.52
8367,901286,501,26515443,28.7,30.3,28.7,29.8,1.4,29.8,7,29.85,3,11.6
8374,208048,120,5320271,25.9,26.0,25.2,25.6,0.2,25.55,4,25.65,2,150.59
8404,246268,138,7326071,29.45,29.9,29.45,29.7,0.35,29.6,12,29.7,1,20.77
8411,128841,125,1806778,14.1,14.2,13.9,14.0,0.05,13.95,6,14.0,1,17.5
8422,76823,104,12495708,163.5,163.5,162.0,162.5,0.0,162.5,4,163.0,20,14.89
8427,4244,5,186637,44.1,44.1,43.65,44.1,0.8,42.0,1,44.65,1,0.0
8429,1161459,673,11088536,9.51,9.78,9.32,9.34,0.05,9.34,3,9.4,7,0.0
8442,11000,11,559700,51.8,51.8,50.6,50.9,0.9,50.9,8,51.0,16,221.3
8443,28524,70,330957,11.5,11.75,11.5,11.5,0.1,11.5,5,11.55,6,0.0
8454,132241,218,82696986,633.0,635.0,618.0,619.0,15.0,619.0,2,624.0,4,49.52
8462,41939,111,6396812,152.5,153.0,152.0,152.0,0.5,152.0,10,153.0,12,27.69
8463,85100,62,3203780,37.5,37.95,37.3,37.55,0.4,37.5,58,37.55,8,56.04
8464,143333,157,45898037,326.0,326.0,318.5,320.0,0.0,320.0,10,321.0,6,20.09
8466,12000,10,770700,63.9,64.4,63.9,64.4,0.5,63.9,1,64.2,5,12.31
8467,3000,3,143900,48.0,48.0,47.9,47.9,0.1,47.8,1,48.4,1,33.97
8473,71161,61,2898496,40.7,40.9,40.6,40.6,0.1,40.6,9,40.65,2,17.58
8478,97000,82,5632100,58.3,58.5,57.8,57.8,0.5,57.8,1,58.2,3,48.57
8480,8000,5,944000,118.0,118.0,118.0,118.0,0.0,117.5,8,119.0,1,11.78
8481,22000,16,1569000,70.5,71.5,70.5,71.1,0.8,70.8,2,71.3,3,6.14
8482,85000,19,8788500,103.0,105.0,102.5,103.0,0.0,102.5,6,103.0,5,16.75
8488,26000,22,394700,15.3,15.5,15.0,15.0,0.1,14.9,1,15.15,8,50.0
8499,128570,117,17842515,139.0,139.5,138.0,138.5,1.0,138.5,8,139.0,2,11.38
8926,780355,499,30252121,38.9,39.0,38.6,38.8,0.1,38.8,4,38.85,17,20.97
8940,44062,84,498694,11.35,11.4,11.2,11.4,0.2,11.3,13,11.4,4,0.0
8996,320607,212,16924101,52.7,53.5,52.3,52.7,0.0,52.5,2,52.7,27,47.48
9103,32973644,15021,980068572,29.5,31.1,28.4,29.2,0.8,29.15,91,29.2,10,0.0
910322,9000,8,211050,23.45,23.5,23.4,23.5,0.05,23.4,7,23.55,2,0.0
9105,19721057,3837,84205877,4.32,4.4,4.2,4.21,0.08,4.21,82,4.22,21,0.0
910861,341700,113,3843705,11.25,11.3,11.2,11.2,0.05,11.2,84,11.25,100,0.0
9110,345000,123,1112350,3.3,3.35,3.15,3.17,0.14,3.17,39,3.19,8,0.0
911608,885000,331,4294960,4.99,5.0,4.7,4.75,0.25,4.75,1,4.79,5,0.0
911616,2596629,624,5590816,2.3,2.3,2.09,2.16,0.0,2.15,1,2.16,2,0.0
911622,601000,170,2597750,4.35,4.45,4.25,4.3,0.09,4.28,10,4.34,3,0.0
911868,1563000,371,2684610,1.73,1.76,1.68,1.7,0.04,1.7,41,1.71,1,0.0
912000,4538017,880,13987032,3.09,3.18,3.01,3.08,0.03,3.07,99,3.08,63,0.0
912398,619000,228,2869560,4.69,4.7,4.6,4.63,0.04,4.63,3,4.64,20,0.0
9136,553000,203,5464540,10.05,10.05,9.83,9.85,0.1,9.85,5,9.88,6,0.0
9188,437000,137,1380460,3.23,3.23,3.1,3.14,0.09,3.14,12,3.15,3,0.0
9802,1134409,944,121731594,109.5,109.5,106.0,108.0,1.5,107.5,36,108.0,4,18.43
9902,2689218,874,30091331,10.95,11.6,10.85,11.45,0.6,11.4,65,11.45,20,44.04
9904,3838542,1968,117714585,30.6,30.8,30.55,30.75,0.2,30.7,15,30.75,14,20.23
9905,153793,68,3507245,22.8,22.85,22.8,22.8,0.05,22.75,39,22.8,2,11.94
9906,30149,30,1156280,38.3,38.5,38.3,38.35,0.0,38.3,3,38.45,11,0.0
9907,1608700,474,18818623,11.7,11.75,11.65,11.7,0.05,11.65,119,11.7,49,21.27
9908,141771,94,4855227,34.35,34.35,34.2,34.3,0.05,34.25,11,34.3,21,21.3
9910,384805,399,75168128,196.0,196.5,195.0,195.0,1.0,195.0,170,195.5,9,34.64
9911,167570,105,8762198,52.2,52.5,52.2,52.3,0.2,52.2,16,52.5,3,12.66
9912,44294,37,370268,8.35,8.45,8.3,8.34,0.01,8.29,2,8.34,2,0.0
9914,1020540,938,229696950,229.0,230.5,223.0,224.0,3.0,224.0,16,225.0,38,19.1
9917,101811,104,8901409,87.5,87.6,87.2,87.4,0.2,87.3,2,87.4,7,17.55
9918,14035,15,515408,37.1,37.2,36.3,36.85,0.35,36.8,1,37.3,5,23.62
9919,5948552,3270,197253693,33.65,33.7,32.8,33.0,0.85,33.0,3,33.05,1,8.99
9921,383457,395,100373452,263.5,263.5,259.5,260.0,2.0,259.5,31,260.0,2,22.87
9924,105910,94,4724034,44.75,44.75,44.5,44.5,0.25,44.5,5,44.6,7,10.3
9925,218706,107,8107112,37.1,37.1,37.0,37.1,0.0,37.05,1,37.1,63,15.52
9926,12100,12,588010,48.25,48.75,48.25,48.7,0.05,48.6,4,48.7,1,21.08
9927,157434,100,4643918,29.7,29.7,29.4,29.55,0.15,29.55,2,29.6,6,21.73
9928,18253,11,92374,5.08,5.1,5.0,5.1,0.01,5.0,1,5.1,6,0.0
9929,59738,34,856039,14.4,14.4,14.2,14.35,0.05,14.25,2,14.4,9,2.93
9930,40129,43,1870645,46.55,46.7,46.45,46.6,0.05,46.6,7,46.65,6,15.59
9931,76,3,3238,,,,,0.0,42.05,1,42.7,2,25.51
9933,1303356,679,50122284,38.45,38.6,38.25,38.55,0.55,38.45,14,38.55,26,25.03
9934,483660,268,7271216,15.1,15.1,15.0,15.05,0.0,15.0,73,15.05,5,0.0
9935,322414,211,9231252,28.85,29.05,28.3,28.45,0.4,28.45,6,28.5,1,16.74
9937,47516,56,2435697,51.2,51.4,51.1,51.1,0.1,51.0,4,51.3,1,21.2
9938,793236,622,56974784,71.9,72.2,71.6,72.0,0.1,71.9,3,72.0,12,14.15
9939,240680,159,14144291,58.9,59.0,58.6,59.0,0.4,58.9,5,59.0,49,10.42
9940,222703,127,6407326,29.0,29.0,28.65,28.85,0.05,28.85,5,28.9,14,17.81
9941,186105,236,18465321,99.4,99.5,99.0,99.3,0.0,99.3,4,99.4,2,14.05
9941A,19325,18,984552,51.0,51.0,50.9,51.0,0.0,50.8,2,51.0,2,0.0
9942,52056,41,3522508,67.9,67.9,67.6,67.7,0.2,67.6,11,67.8,3,15.56
9943,1093120,80,68358397,62.8,63.0,62.8,62.9,0.1,62.9,11,63.0,5,14.87
9944,233291,112,5165031,22.15,22.2,22.0,22.2,0.05,22.2,8,22.25,12,65.29
9945,2166527,1094,88077808,40.8,40.85,40.55,40.6,0.0,40.6,104,40.65,73,8.79
9946,221338,107,3553909,16.15,16.15,15.95,16.1,0.05,16.05,3,16.1,1,9.2
9955,448338,192,8955215,20.0,20.15,19.8,19.95,0.05,19.9,3,19.95,10,0.0
9958,2528886,1820,284787326,113.5,114.5,111.5,112.5,0.5,112.0,47,112.5,29,31.69
